population,year,icd_code,site,asr_ratio_mf,count_ratio_mf,asr_m,asr_f
Saudi,2006,C00,C00 Lip,1.00,1.50,0.1,0.1
Saudi,2006,C01-C02,C01-C02 Tongue,1.33,1.42,0.8,0.6
Saudi,2006,C03-C06,C03-C06 Mouth,1.00,0.88,0.8,0.8
Saudi,2006,C07-C08,C07-C08 Salivary glands,1.00,1.17,0.2,0.2
Saudi,2006,C09,C09 Tonsil,,,0.0,0.0
Saudi,2006,C10,C10 Other Oropharynx,,,0.0,0.0
Saudi,2006,C11,C11 Nasopharynx,2.12,2.21,1.7,0.8
Saudi,2006,C12-C13,C12-C13 Hypopharynx,1.00,0.82,0.2,0.2
Saudi,2006,C14,C14 Pharynx unspec.,,3.00,0.1,0.0
Saudi,2006,C15,C15 Oesophagus,0.87,0.86,1.4,1.6
Saudi,2006,C16,C16 Stomach,1.44,1.43,3.9,2.7
Saudi,2006,C17,C17 Small intestine,1.33,1.29,0.4,0.3
Saudi,2006,C18,C18 Colon,1.00,1.02,5.3,5.3
Saudi,2006,C19-C20,C19-C20 Rectum,1.33,1.27,4.4,3.3
Saudi,2006,C21,C21 Anus,1.00,0.89,0.2,0.2
Saudi,2006,C22,C22 Liver,2.42,2.33,7.5,3.1
Saudi,2006,C23-C24,C23-C24 Gallbladder etc.,0.71,0.66,1.2,1.7
Saudi,2006,C25,C25 Pancreas,1.33,1.27,2.4,1.8
Saudi,2006,C30-C31,"C30-C31 Nose, sinuses etc.",1.00,1.00,0.2,0.2
Saudi,2006,C32,C32 Larynx,8.00,6.89,1.6,0.2
Saudi,2006,C33-C34,"C33-C34 Trachea,Bronchus,Lung",3.05,2.90,6.1,2.0
Saudi,2006,C37-C38,C37-C38 Other Thoracic organs,1.00,1.40,0.2,0.2
Saudi,2006,C40-C41,C40-C41 Bone,1.75,1.78,0.7,0.4
Saudi,2006,C43,C43 Melanoma of Skin,0.67,0.92,0.2,0.3
Saudi,2006,C45,C45 Mesothelioma,2.00,1.60,0.2,0.1
Saudi,2006,C46,C46 Kaposi sarcoma,1.67,1.57,0.5,0.3
Saudi,2006,C47;C49,"C47;C49 Connective,Soft tissue",1.80,1.54,0.9,0.5
Saudi,2006,C50,C50 Breast,0.02,0.02,0.4,18.0
Saudi,2006,C64,C64 Kidney,1.60,1.42,2.4,1.5
Saudi,2006,C65,C65 Renal Pelvis,1.00,1.25,0.1,0.1
Saudi,2006,C66,C66 Ureter,,0.50,0.0,0.0
Saudi,2006,C67,C67 Bladder,4.10,4.02,4.1,1.0
Saudi,2006,C68,C68 Other Urinary organs,,,0.0,0.0
Saudi,2006,C69,C69 Eye,1.00,1.37,0.3,0.3
Saudi,2006,C70-C72,"C70-C72 Brain, Nervous system",1.56,1.45,2.5,1.6
Saudi,2006,C73,C73 Thyroid,0.32,0.28,2.1,6.5
Saudi,2006,C74,C74 Adrenal gland,2.00,1.90,0.2,0.1
Saudi,2006,C75,C75 Other Endocrine,1.00,1.00,0.1,0.1
Saudi,2006,C81,C81 Hodgkin disease,1.31,1.44,2.1,1.6
Saudi,2006,C82-C85;C96,C82-C85;C96 Non-Hodgkin lymphoma,1.38,1.50,6.6,4.8
Saudi,2006,C88,C88 Immunoproliferative dis.,,,0.0,0.0
Saudi,2006,C90,C90 Multiple Myeloma,2.00,1.85,1.2,0.6
Saudi,2006,C91,C91 Lymphoid Leukaemia,1.92,1.72,2.3,1.2
Saudi,2006,C92-C94,C92-C94 Myeloid Leukaemia,0.90,1.02,1.8,2.0
Saudi,2006,C95,C95 Leukaemia unspec.,2.00,2.89,0.4,0.2
Saudi,2007,C00,C00 Lip,2.00,2.00,0.2,0.1
Saudi,2007,C01-C02,C01-C02 Tongue,1.00,1.05,0.8,0.8
Saudi,2007,C03-C06,C03-C06 Mouth,0.80,0.70,0.8,1.0
Saudi,2007,C07-C08,C07-C08 Salivary glands,1.33,1.06,0.4,0.3
Saudi,2007,C09,C09 Tonsil,1.00,1.33,0.1,0.1
Saudi,2007,C10,C10 Other Oropharynx,,2.00,0.0,0.0
Saudi,2007,C11,C11 Nasopharynx,1.67,1.62,1.5,0.9
Saudi,2007,C12-C13,C12-C13 Hypopharynx,1.50,1.67,0.3,0.2
Saudi,2007,C14,C14 Pharynx unspec.,,0.67,0.0,0.0
Saudi,2007,C15,C15 Oesophagus,1.25,1.32,1.5,1.2
Saudi,2007,C16,C16 Stomach,1.44,1.37,3.6,2.5
Saudi,2007,C17,C17 Small intestine,1.67,1.93,0.5,0.3
Saudi,2007,C18,C18 Colon,1.15,1.09,5.5,4.8
Saudi,2007,C19-C20,C19-C20 Rectum,1.24,1.25,4.1,3.3
Saudi,2007,C21,C21 Anus,1.00,1.00,0.2,0.2
Saudi,2007,C22,C22 Liver,2.62,2.60,6.8,2.6
Saudi,2007,C23-C24,C23-C24 Gallbladder etc.,0.58,0.60,1.1,1.9
Saudi,2007,C25,C25 Pancreas,2.45,2.49,2.7,1.1
Saudi,2007,C30-C31,"C30-C31 Nose, sinuses etc.",1.00,0.86,0.2,0.2
Saudi,2007,C32,C32 Larynx,6.00,5.60,1.2,0.2
Saudi,2007,C33-C34,"C33-C34 Trachea,Bronchus,Lung",3.63,3.63,6.9,1.9
Saudi,2007,C37-C38,C37-C38 Other Thoracic organs,4.00,2.33,0.4,0.1
Saudi,2007,C40-C41,C40-C41 Bone,2.33,1.94,0.7,0.3
Saudi,2007,C43,C43 Melanoma of Skin,0.75,0.83,0.3,0.4
Saudi,2007,C45,C45 Mesothelioma,,6.50,0.3,0.0
Saudi,2007,C46,C46 Kaposi sarcoma,3.00,2.83,0.3,0.1
Saudi,2007,C47;,"C47; C49 Connective, Soft tissue",1.57,1.25,1.1,0.7
Saudi,2007,C49,"C47; C49 Connective, Soft tissue",1.57,1.25,1.1,0.7
Saudi,2007,C50,C50 Breast,0.02,0.02,0.4,21.6
Saudi,2007,C64,C64 Kidney,1.93,1.70,2.7,1.4
Saudi,2007,C65,C65 Renal Pelvis,,4.00,0.1,0.0
Saudi,2007,C66,C66 Ureter,,,0.0,0.0
Saudi,2007,C67,C67 Bladder,4.38,4.62,3.5,0.8
Saudi,2007,C68,C68 Other Urinary organs,,,0.0,0.0
Saudi,2007,C69,C69 Eye,1.00,1.10,0.3,0.3
Saudi,2007,C70-C72,"C70-C72 Brain, Nervous system",1.12,1.11,1.9,1.7
Saudi,2007,C73,C73 Thyroid,0.27,0.24,1.8,6.6
Saudi,2007,C74,C74 Adrenal gland,2.00,1.88,0.2,0.1
Saudi,2007,C75,C75 Other Endocrine,,0.75,0.0,0.1
Saudi,2007,C81,C81 Hodgkin disease,1.47,1.40,2.2,1.5
Saudi,2007,C82-C85;,C82-C85; C96 Non-Hodgkin lymphoma,1.37,1.47,7.0,5.1
Saudi,2007,C88,C88 Immunoproliferative dis.,,,0.0,0.0
Saudi,2007,C90,C90 Multiple Myeloma,1.00,1.00,0.9,0.9
Saudi,2007,C91,C91 Lymphoid Leukaemia,1.71,1.75,2.4,1.4
Saudi,2007,C92-C94,C92-C94 Myeloid Leukaemia,1.07,1.12,1.6,1.5
Saudi,2007,C95,C95 Leukaemia unspec.,1.33,1.47,0.4,0.3
Saudi,2007,C96,C82-C85; C96 Non-Hodgkin lymphoma,1.37,1.47,7.0,5.1
Saudi,2008,C00,C00 Lip,2.00,1.80,0.2,0.1
Saudi,2008,C01-C02,C01-C02 Tongue,1.00,1.03,0.6,0.6
Saudi,2008,C03-C06,C03-C06 Mouth,0.78,0.85,0.7,0.9
Saudi,2008,C07-C08,C07-C08 Salivary glands,1.50,0.94,0.3,0.2
Saudi,2008,C09,C09 Tonsil,,0.67,0.0,0.1
Saudi,2008,C10,C10 Other Oropharynx,,,0.0,0.0
Saudi,2008,C11,C11 Nasopharynx,2.86,2.71,2.0,0.7
Saudi,2008,C12-C13,C12-C13 Hypopharynx,0.33,0.31,0.1,0.3
Saudi,2008,C14,C14 Pharynx unspec.,,3.00,0.1,0.0
Saudi,2008,C15,C15 Oesophagus,0.91,0.94,1.0,1.1
Saudi,2008,C16,C16 Stomach,1.68,1.66,3.2,1.9
Saudi,2008,C17,C17 Small intestine,2.00,2.21,0.6,0.3
Saudi,2008,C18,C18 Colon,1.02,1.04,5.3,5.2
Saudi,2008,C19-C20,C19-C20 Rectum,1.23,1.26,3.7,3.0
Saudi,2008,C21,C21 Anus,2.00,1.43,0.2,0.1
Saudi,2008,C22,C22 Liver,2.70,2.63,6.2,2.3
Saudi,2008,C23-C24,C23-C24 Gallbladder etc.,0.62,0.70,1.0,1.6
Saudi,2008,C25,C25 Pancreas,1.43,1.49,2.0,1.4
Saudi,2008,C30-C31,"C30-C31 Nose, sinuses etc.",2.00,2.33,0.2,0.1
Saudi,2008,C32,C32 Larynx,12.00,11.40,1.2,0.1
Saudi,2008,C33-C34,"C33-C34 Trachea,Bronchus,Lung",3.41,3.48,5.8,1.7
Saudi,2008,C37-C38,C37-C38 Other Thoracic organs,2.00,1.00,0.2,0.1
Saudi,2008,C40-C41,C40-C41 Bone,1.60,1.55,0.8,0.5
Saudi,2008,C43,C43 Melanoma of Skin,1.00,1.20,0.2,0.2
Saudi,2008,C45,C45 Mesothelioma,,8.50,0.3,0.0
Saudi,2008,C46,C46 Kaposi sarcoma,3.00,3.20,0.3,0.1
Saudi,2008,C47;C49,"C47;C49 Connective,Soft tissue",1.12,1.22,0.9,0.8
Saudi,2008,C50,C50 Breast,0.02,0.01,0.3,19.2
Saudi,2008,C64,C64 Kidney,1.67,1.55,2.5,1.5
Saudi,2008,C65,C65 Renal Pelvis,,5.00,0.1,0.0
Saudi,2008,C66,C66 Ureter,,,0.1,0.0
Saudi,2008,C67,C67 Bladder,4.50,4.55,3.6,0.8
Saudi,2008,C68,C68 Other Urinary organs,,1.00,0.0,0.0
Saudi,2008,C69,C69 Eye,1.50,1.59,0.3,0.2
Saudi,2008,C70-C72,"C70-C72 Brain, Nervous system",1.62,1.72,2.1,1.3
Saudi,2008,C73,C73 Thyroid,0.29,0.28,2.0,6.8
Saudi,2008,C74,C74 Adrenal gland,1.00,1.08,0.1,0.1
Saudi,2008,C75,C75 Other Endocrine,,4.50,0.1,0.0
Saudi,2008,C81,C81 Hodgkin disease,1.27,1.34,1.9,1.5
Saudi,2008,C82-C85;C96,C82-C85;C96 Non-Hodgkin lymphoma,1.11,1.22,6.0,5.4
Saudi,2008,C88,C88 Immunoproliferative dis.,,,0.0,0.0
Saudi,2008,C90,C90 Multiple Myeloma,1.40,1.48,0.7,0.5
Saudi,2008,C91,C91 Lymphoid Leukaemia,1.43,1.40,2.0,1.4
Saudi,2008,C92-C94,C92-C94 Myeloid Leukaemia,1.36,1.34,1.9,1.4
Saudi,2008,C95,C95 Leukaemia unspec.,1.50,1.26,0.6,0.4
Saudi,2009,C00,C00 Lip,0.50,0.75,0.1,0.2
Saudi,2009,C01-C02,C01-C02 Tongue,1.14,1.14,0.8,0.7
Saudi,2009,C03-C06,C03-C06 Mouth,1.14,1.05,0.8,0.7
Saudi,2009,C07-C08,C07-C08 Salivary glands,1.00,0.81,0.3,0.3
Saudi,2009,C09,C09 Tonsil,,,0.0,0.0
Saudi,2009,C10,C10 Other Oropharynx,,,0.0,0.0
Saudi,2009,C11,C11 Nasopharynx,2.14,2.21,1.5,0.7
Saudi,2009,C12-C13,C12-C13 Hypopharynx,0.50,0.55,0.1,0.2
Saudi,2009,C14,C14 Pharynx unspec.,,0.33,0.0,0.1
Saudi,2009,C15,C15 Oesophagus,1.44,1.46,1.3,0.9
Saudi,2009,C16,C16 Stomach,1.86,1.79,3.9,2.1
Saudi,2009,C17,C17 Small intestine,1.20,1.15,0.6,0.5
Saudi,2009,C18,C18 Colon,1.14,1.14,6.5,5.7
Saudi,2009,C19-C20,C19-C20 Rectum,1.38,1.43,5.1,3.7
Saudi,2009,C21,C21 Anus,1.33,1.50,0.4,0.3
Saudi,2009,C22,C22 Liver,2.19,2.17,5.9,2.7
Saudi,2009,C23-C24,C23-C24 Gallbladder etc.,0.61,0.64,1.1,1.8
Saudi,2009,C25,C25 Pancreas,1.35,1.43,2.3,1.7
Saudi,2009,C30-C31,"C30-C31 Nose, sinuses etc.",1.00,1.00,0.1,0.1
Saudi,2009,C32,C32 Larynx,2.75,3.06,1.1,0.4
Saudi,2009,C37-C38,C37-C38 Other Thoracic organs,3.00,1.89,0.3,0.1
Saudi,2009,C40-C41,C40-C41 Bone,1.20,1.37,0.6,0.5
Saudi,2009,C43,C43 Melanoma of Skin,2.00,1.62,0.2,0.1
Saudi,2009,C45,C45 Mesothelioma,0.50,0.50,0.1,0.2
Saudi,2009,C47;C49,"C47;C49 Connective,Soft tissue",1.12,1.08,0.9,0.8
Saudi,2009,C50,C50 Breast,0.02,0.02,0.4,22.7
Saudi,2009,C64,C64 Kidney,1.58,1.45,3.0,1.9
Saudi,2009,C65,C65 Renal Pelvis,1.00,1.67,0.1,0.1
Saudi,2009,C66,C66 Ureter,,2.00,0.0,0.0
Saudi,2009,C67,C67 Bladder,5.57,5.18,3.9,0.7
Saudi,2009,C68,C68 Other Urinary organs,,,0.0,0.0
Saudi,2009,C69,C69 Eye,1.33,1.27,0.4,0.3
Saudi,2009,C70-C72,"C70-C72 Brain, Nervous system",1.33,1.41,2.0,1.5
Saudi,2009,C73,C73 Thyroid,0.28,0.26,2.1,7.6
Saudi,2009,C74,C74 Adrenal gland,2.00,1.80,0.2,0.1
Saudi,2009,C75,C75 Other Endocrine,,2.50,0.1,0.0
Saudi,2009,C81,C81 Hodgkin disease,1.35,1.29,2.3,1.7
Saudi,2009,C82-C85;C96,C82-C85;C96 Non-Hodgkin lymphoma,1.33,1.47,6.8,5.1
Saudi,2009,C88,C88 Immunoproliferative dis.,,1.00,0.0,0.0
Saudi,2009,C90,C90 Multiple Myeloma,1.38,1.46,1.1,0.8
Saudi,2009,C91,C91 Lymphoid Leukaemia,1.53,1.42,2.3,1.5
Saudi,2009,C92-C94,C92-C94 Myeloid Leukaemia,1.11,1.15,2.0,1.8
Saudi,2009,C95,C95 Leukaemia unspec.,0.75,0.78,0.3,0.4
Saudi,2010,C00,C00 Lip,1.00,1.60,0.1,0.1
Saudi,2010,C01-C02,C01-C02 Tongue,1.25,1.23,1.0,0.8
Saudi,2010,C03-C06,C03-C06 Mouth,1.12,0.94,0.9,0.8
Saudi,2010,C07-C08,C07-C08 Salivary glands,1.00,0.73,0.2,0.2
Saudi,2010,C09,C09 Tonsil,,,0.0,0.0
Saudi,2010,C10,C10 Other Oropharynx,,2.00,0.0,0.0
Saudi,2010,C11,C11 Nasopharynx,3.33,3.27,2.0,0.6
Saudi,2010,C12-C13,C12-C13 Hypopharynx,0.67,0.53,0.2,0.3
Saudi,2010,C14,C14 Pharynx unspec.,,1.50,0.0,0.0
Saudi,2010,C15,C15 Oesophagus,1.40,1.46,1.4,1.0
Saudi,2010,C16,C16 Stomach,1.35,1.31,3.1,2.3
Saudi,2010,C17,C17 Small intestine,2.50,2.08,0.5,0.2
Saudi,2010,C18,C18 Colon,0.95,0.99,5.5,5.8
Saudi,2010,C19-C20,C19-C20 Rectum,1.29,1.28,4.4,3.4
Saudi,2010,C21,C21 Anus,1.50,2.00,0.3,0.2
Saudi,2010,C22,C22 Liver,2.06,2.14,6.4,3.1
Saudi,2010,C23-C24,C23-C24 Gallbladder etc.,0.50,0.57,0.9,1.8
Saudi,2010,C25,C25 Pancreas,1.38,1.41,2.2,1.6
Saudi,2010,C30-C31,"C30-C31 Nose, sinuses etc.",2.00,2.25,0.2,0.1
Saudi,2010,C32,C32 Larynx,9.00,9.60,0.9,0.1
Saudi,2010,C33-C34,"C33-C34 Trachea,Bronchus,Lung",2.76,2.78,5.8,2.1
Saudi,2010,C37-C38,C37-C38 Other Thoracic organs,1.50,2.27,0.3,0.2
Saudi,2010,C40-C41,C40-C41 Bone,1.40,1.68,0.7,0.5
Saudi,2010,C43,C43 Melanoma of Skin,1.00,1.00,0.2,0.2
Saudi,2010,C45,C45 Mesothelioma,2.00,2.25,0.2,0.1
Saudi,2010,C46,C46 Kaposi sarcoma,4.00,3.50,0.4,0.1
Saudi,2010,C47;C49,"C47;C49 Connective,Soft tissue",0.73,0.91,0.8,1.1
Saudi,2010,C50,C50 Breast,0.02,0.02,0.4,24.9
Saudi,2010,C64,C64 Kidney,1.45,1.43,2.9,2.0
Saudi,2010,C65,C65 Renal Pelvis,1.00,1.00,0.1,0.1
Saudi,2010,C66,C66 Ureter,,0.25,0.0,0.1
Saudi,2010,C67,C67 Bladder,3.60,3.86,3.6,1.0
Saudi,2010,C68,C68 Other Urinary organs,,1.50,0.1,0.0
Saudi,2010,C69,C69 Eye,1.00,0.92,0.3,0.3
Saudi,2010,C70-C72,"C70-C72 Brain, Nervous system",1.36,1.41,1.9,1.4
Saudi,2010,C73,C73 Thyroid,0.31,0.27,2.3,7.5
Saudi,2010,C74,C74 Adrenal gland,1.50,2.07,0.3,0.2
Saudi,2010,C75,C75 Other Endocrine,,,0.0,0.0
Saudi,2010,C81,C81 Hodgkin disease,1.31,1.37,2.1,1.6
Saudi,2010,C82-C85;C96,C82-C85;C96 Non-Hodgkin lymphoma,1.19,1.38,6.2,5.2
Saudi,2010,C88,C88 Immunoproliferative dis.,,,0.0,0.0
Saudi,2010,C90,C90 Multiple Myeloma,1.33,1.45,1.2,0.9
Saudi,2010,C91,C91 Lymphoid Leukaemia,1.50,1.65,2.1,1.4
Saudi,2010,C92-C94,C92-C94 Myeloid Leukaemia,1.11,1.22,2.0,1.8
Saudi,2010,C95,C95 Leukaemia unspec.,1.00,1.00,0.2,0.2
Saudi,2015,C12-C13,C12-C13 Hypopharynx,1.00,0.71,0.1,0.1
Saudi,2015,C14,C14 Pharynx unspec.,,1.00,0.0,0.0
Saudi,2015,C22,C22 Liver,2.67,2.69,4.0,1.5
Saudi,2015,C32,C32 Larynx,6.00,4.81,1.2,0.2
Saudi,2015,C37-C38,C37-C38 Other Thoracic organs,2.00,2.00,0.2,0.1
Saudi,2015,C45,C45 Mesothelioma,1.00,2.25,0.1,0.1
Saudi,2015,C66,C66 Ureter,,,0.0,0.0
Saudi,2015,C81,C81 Hodgkin disease,1.53,1.58,2.6,1.7
Saudi,2015,C88,C88 Immunoproliferative dis.,,,0.0,0.0
Saudi,2016,C00,C00 Lip,2.00,2.67,0.2,0.1
Saudi,2016,C01-C02,C01-C02 Tongue,1.14,14.04,0.8,0.7
Saudi,2016,C03-C06,C03-C06 Mouth,1.00,9.32,0.8,0.8
Saudi,2016,C07-C08,C07-C08 Salivary glands,0.75,7.43,0.3,0.4
Saudi,2016,C09,C09 Tonsil,,16.50,0.0,0.0
Saudi,2016,C10,C10 Other Oropharynx,,22.00,0.1,0.0
Saudi,2016,C11,C11 Nasopharynx,2.57,26.34,1.8,0.7
Saudi,2016,C12-C13,C12-C13 Hypopharynx,0.50,5.50,0.1,0.2
Saudi,2016,C14,C14 Pharynx unspec.,,22.00,0.0,0.0
Saudi,2016,C15,C15 Oesophagus,1.57,15.56,1.1,0.7
Saudi,2016,C16,C16 Stomach,1.93,18.08,2.9,1.5
Saudi,2016,C17,C17 Small intestine,1.25,10.53,0.5,0.4
Saudi,2016,C18,C18 Colon,1.28,13.16,7.8,6.1
Saudi,2016,C19-C20,C19-C20 Rectum,1.50,14.68,5.1,3.4
Saudi,2016,C21,C21 Anus,1.50,20.36,0.3,0.2
Saudi,2016,C22,C22 Liver,2.21,23.54,4.2,1.9
Saudi,2016,C23-C24,C23-C24 Gallbladder etc.,0.71,7.79,1.2,1.7
Saudi,2016,C25,C25 Pancreas,1.67,17.02,2.5,1.5
Saudi,2016,C30-C31,"C30-C31 Nose, sinuses etc.",2.00,3.60,0.2,0.1
Saudi,2016,C32,C32 Larynx,9.00,95.57,0.9,0.1
Saudi,2016,C33-C34,"C33-C34 Trachea,Bronchus,Lung",2.20,20.26,4.4,2.0
Saudi,2016,C37-C38,C37-C38 Other Thoracic organs,2.00,1.60,0.2,0.1
Saudi,2016,C40-C41,C40-C41 Bone,1.80,18.74,0.9,0.5
Saudi,2016,C43,C43 Melanoma of Skin,0.67,0.56,0.2,0.3
Saudi,2016,C45,C45 Mesothelioma,2.00,1.57,0.2,0.1
Saudi,2016,C46,C46 Kaposi sarcoma,4.00,56.75,0.4,0.1
Saudi,2016,C47;C49,"C47;C49 Connective,Soft tissue",1.25,12.70,1.0,0.8
Saudi,2016,C50,C50 Breast,0.02,0.20,0.6,27.0
Saudi,2016,C64,C64 Kidney,0.20,,1.635,8.0
Saudi,2016,C65,C65 Renal Pelvis,,,0.08,0.0
Saudi,2016,C66,C66 Ureter,,,0.03,0.0
Saudi,2016,C67,C67 Bladder,0.22,,1.725,8.0
Saudi,2016,C68,C68 Other Urinary organs,,38.50,0.1,0.0
Saudi,2016,C69,C69 Eye,1.50,20.62,0.3,0.2
Saudi,2016,C70-C72,"C70-C72 Brain, Nervous system",1.28,1.37,2.3,1.8
Saudi,2016,C73,C73 Thyroid,0.28,2.60,2.5,8.9
Saudi,2016,C74,C74 Adrenal gland,1.00,11.68,0.2,0.2
Saudi,2016,C75,C75 Other Endocrine,1.00,9.17,0.1,0.1
Saudi,2016,C81,C81 Hodgkin disease,1.13,11.59,2.6,2.3
Saudi,2016,C82-C85,C82-C85 5;C96 Non-Hodgkin lymphoma,1.14,12.55,5.6,4.9
Saudi,2016,C88,C88 Immunoproliferative dis.,,,0.0,0.0
Saudi,2016,C90,C90 Multiple Myeloma,1.67,16.08,1.0,0.6
Saudi,2016,C91,C91 Lymphoid Leukaemia,1.50,15.86,1.8,1.2
Saudi,2016,C92-C94,C92-C94 Myeloid Leukaemia,0.88,9.13,1.5,1.7
Saudi,2016,C95,C95 Leukaemia unspec.,3.00,17.46,0.3,0.1
Saudi,2018,C00,C00 Lip,1.00,2.25,0.1,0.1
Saudi,2018,C01-C02,C01-C02 Tongue,1.50,1.55,0.9,0.6
Saudi,2018,C03-C06,C03-C06 Mouth,1.29,1.37,0.9,0.7
Saudi,2018,C07-C08,C07-C08 Salivary glands,1.50,2.07,0.3,0.2
Saudi,2018,C09,C09 Tonsil,,2.00,0.0,0.0
Saudi,2018,C10,C10 Other Oropharynx,,2.50,0.1,0.0
Saudi,2018,C11,C11 Nasopharynx,2.43,2.13,1.7,0.7
Saudi,2018,C12-C13,C12-C13 Hypopharynx,0.50,0.57,0.1,0.2
Saudi,2018,C14,C14 Pharynx unspec.,1.00,1.71,0.1,0.1
Saudi,2018,C15,C15 Oesophagus,1.43,1.49,1.0,0.7
Saudi,2018,C16,C16 Stomach,1.21,1.14,2.3,1.9
Saudi,2018,C17,C17 Small intestine,2.33,2.17,0.7,0.3
Saudi,2018,C18,C18 Colon,1.16,1.12,8.5,7.3
Saudi,2018,C19-C20,C19-C20 Rectum,1.35,1.37,5.4,4.0
Saudi,2018,C21,C21 Anus,1.50,1.71,0.3,0.2
Saudi,2018,C22,C22 Liver,2.29,2.23,4.8,2.1
Saudi,2018,C23-C24,C23-C24 Gallbladder etc.,0.65,0.65,1.3,2.0
Saudi,2018,C25,C25 Pancreas,1.45,1.48,2.9,2.0
Saudi,2018,C30-C31,"C30-C31 Nose, sinuses etc.",2.00,2.25,0.2,0.1
Saudi,2018,C32,C32 Larynx,10.00,12.50,1.0,0.1
Saudi,2018,C33-C34,"C33-C34 Trachea,Bronchus,Lung",2.50,2.25,5.0,2.0
Saudi,2018,C37-C38,C37-C38 Other Thoracic organs,1.00,1.24,0.2,0.2
Saudi,2018,C40-C41,C40-C41 Bone,1.12,1.22,0.9,0.8
Saudi,2018,C43,C43 Melanoma of Skin,1.50,1.11,0.3,0.2
Saudi,2018,C45,C45 Mesothelioma,1.00,0.86,0.1,0.1
Saudi,2018,C46,C46 Kaposi sarcoma,3.00,4.40,0.3,0.1
Saudi,2018,C47;C49,"C47;C49 Connective,Soft tissue",1.22,1.31,1.1,0.9
Saudi,2018,C50,C50 Breast,0.02,0.02,0.6,33.7
Saudi,2018,C64,C64 Kidney,1.75,1.76,3.5,2.0
Saudi,2018,C65,C65 Renal Pelvis,1.00,1.00,0.1,0.1
Saudi,2018,C66,C66 Ureter,,,0.0,0.0
Saudi,2018,C67,C67 Bladder,5.30,5.54,5.3,1.0
Saudi,2018,C68,C68 Other Urinary organs,,2.00,0.0,0.0
Saudi,2018,C69,C69 Eye,1.50,1.71,0.3,0.2
Saudi,2018,C70-C72,"C70-C72 Brain, Nervous system",1.45,1.47,2.9,2.0
Saudi,2018,C73,C73 Thyroid,0.27,0.27,2.9,10.6
Saudi,2018,C74,C74 Adrenal gland,0.67,0.67,0.2,0.3
Saudi,2018,C75,C75 Other Endocrine,,2.00,0.1,0.0
Saudi,2018,C81,C81 Hodgkin disease,1.55,1.63,3.1,2.0
Saudi,2018,C82-C85;C96,C82-C85;C96 Non-Hodgkin lymphoma,1.40,1.49,6.3,4.5
Saudi,2018,C88,C88 Immunoproliferative dis.,,,0.0,0.0
Saudi,2018,C90,C90 Multiple Myeloma,1.20,1.27,1.2,1.0
Saudi,2018,C91,C91 Lymphoid Leukaemia,1.60,1.63,2.4,1.5
Saudi,2018,C92-C94,C92-C94 Myeloid Leukaemia,1.11,1.19,2.0,1.8
Saudi,2018,C95,C95 Leukaemia unspec.,1.25,1.48,0.5,0.4
Saudi,2019,C00,C00 Lip,1.00,0.82,0.1,0.1
Saudi,2019,C01-C02,C01-C02 Tongue,0.89,0.99,0.8,0.9
Saudi,2019,C03-C06,C03-C06 Mouth,1.83,1.86,1.1,0.6
Saudi,2019,C07-C08,C07-C08 Salivary glands,1.00,1.22,0.2,0.2
Saudi,2019,C09,C09 Tonsil,,5.00,0.1,0.0
Saudi,2019,C10,C10 Other Oropharynx,,,0.0,0.0
Saudi,2019,C11,C11 Nasopharynx,1.88,1.97,1.5,0.8
Saudi,2019,C12-C13,C12-C13 Hypopharynx,1.00,1.38,0.1,0.1
Saudi,2019,C14,C14 Pharynx unspec.,,1.00,0.0,0.0
Saudi,2019,C15,C15 Oesophagus,1.29,1.27,0.9,0.7
Saudi,2019,C16,C16 Stomach,1.05,0.97,2.0,1.9
Saudi,2019,C17,C17 Small intestine,1.20,1.29,0.6,0.5
Saudi,2019,C18,C18 Colon,1.12,1.10,9.0,8.0
Saudi,2019,C19-C20,C19-C20 Rectum,1.47,1.50,5.3,3.6
Saudi,2019,C21,C21 Anus,3.00,2.09,0.3,0.1
Saudi,2019,C22,C22 Liver,2.18,2.16,4.8,2.2
Saudi,2019,C23-C24,C23-C24 Gallbladder etc.,0.71,0.72,1.2,1.7
Saudi,2019,C25,C25 Pancreas,1.52,1.53,3.2,2.1
Saudi,2019,C30-C31,"C30-C31 Nose, sinuses etc.",1.50,1.14,0.3,0.2
Saudi,2019,C32,C32 Larynx,5.50,5.71,1.1,0.2
Saudi,2019,C33-C34,"C33-C34 Trachea,Bronchus,Lung",2.86,2.82,6.0,2.1
Saudi,2019,C37-C38,C37-C38 Other Thoracic organs,0.67,0.83,0.2,0.3
Saudi,2019,C40-C41,C40-C41 Bone,1.11,1.26,1.0,0.9
Saudi,2019,C43,C43 Melanoma of Skin,1.00,0.88,0.2,0.2
Saudi,2019,C45,C45 Mesothelioma,2.00,2.33,0.2,0.1
Saudi,2019,C46,C46 Kaposi sarcoma,4.00,3.25,0.4,0.1
Saudi,2019,C47;C49,"C47;C49 Connective,Soft tissue",1.10,1.13,1.1,1.0
Saudi,2019,C50,C50 Breast,0.02,0.02,0.7,33.2
Saudi,2019,C64,C64 Kidney,1.57,1.56,3.6,2.3
Saudi,2019,C65,C65 Renal Pelvis,,1.00,0.0,0.1
Saudi,2019,C66,C66 Ureter,,2.67,0.1,0.0
Saudi,2019,C67,C67 Bladder,4.36,4.65,4.8,1.1
Saudi,2019,C68,C68 Other Urinary organs,,2.00,0.1,0.0
Saudi,2019,C69,C69 Eye,1.00,1.00,0.3,0.3
Saudi,2019,C70-C72,"C70-C72 Brain, Nervous system",1.43,1.47,3.3,2.3
Saudi,2019,C73,C73 Thyroid,0.32,0.30,3.3,10.3
Saudi,2019,C74,C74 Adrenal gland,1.00,1.29,0.2,0.2
Saudi,2019,C75,C75 Other Endocrine,,1.40,0.1,0.0
Saudi,2019,C81,C81 Hodgkin disease,1.56,1.68,2.8,1.8
Saudi,2019,C82-C85;C96,C82-C85;C96 Non-Hodgkin lymphoma,1.22,1.29,6.1,5.0
Saudi,2019,C88,C88 Immunoproliferative dis.,,,0.0,0.0
Saudi,2019,C90,C90 Multiple Myeloma,1.25,1.29,1.5,1.2
Saudi,2019,C91,C91 Lymphoid Leukaemia,1.91,2.10,2.1,1.1
Saudi,2019,C92-C94,C92-C94 Myeloid Leukaemia,1.00,1.05,1.8,1.8
Saudi,2019,C95,C95 Leukaemia unspec.,1.22,1.41,1.1,0.9
Saudi,2020,C00,C00 Lip,2.00,1.75,0.2,0.1
Saudi,2020,C01-C02,C01-C02 Tongue,1.00,1.07,0.8,0.8
Saudi,2020,C03-C06,C03-C06 Mouth,1.80,1.70,0.9,0.5
Saudi,2020,C07-C08,C07-C08 Salivary glands,2.00,1.92,0.2,0.1
Saudi,2020,C09,C09 Tonsil,,1.33,0.0,0.0
Saudi,2020,C10,C10 Other Oropharynx,,,0.1,0.0
Saudi,2020,C11,C11 Nasopharynx,2.50,2.44,1.5,0.6
Saudi,2020,C12-C13,C12-C13 Hypopharynx,1.00,1.00,0.1,0.1
Saudi,2020,C14,C14 Pharynx unspec.,,0.40,0.0,0.1
Saudi,2020,C15,C15 Oesophagus,2.50,2.38,1.0,0.4
Saudi,2020,C16,C16 Stomach,1.40,1.31,2.1,1.5
Saudi,2020,C17,C17 Small intestine,1.50,1.85,0.6,0.4
Saudi,2020,C18,C18 Colon,1.17,1.15,7.6,6.5
Saudi,2020,C19-C20,C19-C20 Rectum,1.55,1.51,4.8,3.1
Saudi,2020,C21,C21 Anus,2.00,2.17,0.4,0.2
Saudi,2020,C22,C22 Liver,1.82,1.83,4.0,2.2
Saudi,2020,C23-C24,C23-C24 Gallbladder etc.,0.83,0.87,1.0,1.2
Saudi,2020,C25,C25 Pancreas,1.67,1.73,3.0,1.8
Saudi,2020,C30-C31,"C30-C31 Nose, sinuses etc.",2.00,1.83,0.4,0.2
Saudi,2020,C32,C32 Larynx,10.00,10.29,1.0,0.1
Saudi,2020,C33-C34,"C33-C34 Trachea,Bronchus,Lung",3.43,3.36,4.8,1.4
Saudi,2020,C37-C38,C37-C38 Other Thoracic organs,2.00,1.52,0.4,0.2
Saudi,2020,C40-C41,C40-C41 Bone,1.33,1.45,1.2,0.9
Saudi,2020,C43,C43 Melanoma of Skin,2.00,1.62,0.2,0.1
Saudi,2020,C45,C45 Mesothelioma,,3.33,0.1,0.0
Saudi,2020,C46,C46 Kaposi sarcoma,3.00,3.67,0.3,0.1
Saudi,2020,C47;C49,"C47;C49 Connective,Soft tissue",1.11,1.15,1.0,0.9
Saudi,2020,C50,C50 Breast,0.02,0.02,0.5,28.4
Saudi,2020,C64,C64 Kidney,1.56,1.52,2.8,1.8
Saudi,2020,C65,C65 Renal Pelvis,,,0.1,0.0
Saudi,2020,C66,C66 Ureter,,,0.1,0.0
Saudi,2020,C67,C67 Bladder,5.57,5.11,3.9,0.7
Saudi,2020,C68,C68 Other Urinary organs,,13.00,0.2,0.0
Saudi,2020,C69,C69 Eye,1.00,1.11,0.2,0.2
Saudi,2020,C70-C72,"C70-C72 Brain, Nervous system",1.36,1.38,3.0,2.2
Saudi,2020,C73,C73 Thyroid,0.30,0.28,2.4,8.1
Saudi,2020,C74,C74 Adrenal gland,0.50,0.76,0.1,0.2
Saudi,2020,C75,C75 Other Endocrine,,0.80,0.0,0.0
Saudi,2020,C81,C81 Hodgkin disease,1.50,1.48,3.3,2.2
Saudi,2020,C82-C85;C96,C82-C85;C96 Non-Hodgkin lymphoma,1.18,1.25,4.6,3.9
Saudi,2020,C88,C88 Immunoproliferative dis.,,,0.0,0.0
Saudi,2020,C90,C90 Multiple Myeloma,1.33,1.34,1.2,0.9
Saudi,2020,C91,C91 Lymphoid Leukaemia,1.89,1.79,1.7,0.9
Saudi,2020,C92-C94,C92-C94 Myeloid Leukaemia,1.35,1.35,2.3,1.7
Saudi,2020,C95,C95 Leukaemia unspec.,1.18,1.33,1.3,1.1
Saudi,2021,C00,C00 Lip,2.00,1.83,0.2,0.1
Saudi,2021,C01-C02,C01-C02 Tongue,1.00,0.97,1.0,1.0
Saudi,2021,C03-C06,C03-C06 Mouth,2.00,1.73,0.8,0.4
Saudi,2021,C07-C08,C07-C08 Salivary glands,0.75,0.85,0.3,0.4
Saudi,2021,C09,C09 Tonsil,,4.00,0.1,0.0
Saudi,2021,C10,C10 Other Oropharynx,,7.00,0.1,0.0
Saudi,2021,C11,C11 Nasopharynx,2.50,2.39,2.5,1.0
Saudi,2021,C12-C13,C12-C13 Hypopharynx,,1.33,0.1,0.0
Saudi,2021,C14,C14 Pharynx unspec.,,2.33,0.1,0.0
Saudi,2021,C15,C15 Oesophagus,1.62,1.48,1.3,0.8
Saudi,2021,C16,C16 Stomach,1.48,1.28,3.7,2.5
Saudi,2021,C17,C17 Small intestine,1.43,1.10,1.0,0.7
Saudi,2021,C18,C18 Colon,1.12,1.07,14.2,12.7
Saudi,2021,C19-C20,C19-C20 Rectum,1.32,1.22,7.8,5.9
Saudi,2021,C21,C21 Anus,2.00,2.00,0.6,0.3
Saudi,2021,C22,C22 Liver,1.79,1.70,7.7,4.3
Saudi,2021,C23-C24,C23-C24 Gallbladder etc.,0.58,0.61,1.4,2.4
Saudi,2021,C25,C25 Pancreas,1.64,1.60,5.4,3.3
Saudi,2021,C30-C31,"C30-C31 Nose, sinuses etc.",4.00,2.20,0.4,0.1
Saudi,2021,C32,C32 Larynx,9.00,7.15,1.8,0.2
Saudi,2021,C33-C34,"C33-C34 Trachea,Bronchus,Lung",2.50,2.22,7.5,3.0
Saudi,2021,C37-C38,C37-C38 Other Thoracic organs,1.67,2.00,0.5,0.3
Saudi,2021,C40-C41,C40-C41 Bone,1.00,0.99,1.2,1.2
Saudi,2021,C43,C43 Melanoma of Skin,0.67,0.75,0.2,0.3
Saudi,2021,C45,C45 Mesothelioma,1.00,0.57,0.1,0.1
Saudi,2021,C46,C46 Kaposi sarcoma,6.00,5.00,0.6,0.1
Saudi,2021,C47;C49,"C47;C49 Connective,Soft tissue",1.27,1.21,1.9,1.5
Saudi,2021,C50,C50 Breast,0.02,0.02,1.2,54.4
Saudi,2021,C64,C64 Kidney,1.58,1.49,5.2,3.3
Saudi,2021,C65,C65 Renal Pelvis,3.00,2.60,0.3,0.1
Saudi,2021,C66,C66 Ureter,,6.00,0.1,0.0
Saudi,2021,C67,C67 Bladder,4.29,4.13,6.0,1.4
Saudi,2021,C68,C68 Other Urinary organs,,7.00,0.1,0.0
Saudi,2021,C69,C69 Eye,1.25,1.41,0.5,0.4
Saudi,2021,C70-C72,"C70-C72 Brain, Nervous system",1.05,1.00,4.1,3.9
Saudi,2021,C73,C73 Thyroid,0.27,0.25,4.7,17.1
Saudi,2021,C74,C74 Adrenal gland,0.67,0.91,0.2,0.3
Saudi,2021,C75,C75 Other Endocrine,2.00,1.10,0.2,0.1
Saudi,2021,C81,C81 Hodgkin disease,1.52,1.52,3.8,2.5
Saudi,2021,C82-C85;C96,C82-C85;C96 Non-Hodgkin lymphoma,1.25,1.24,8.0,6.4
Saudi,2021,C88,C88 Immunoproliferative dis.,,,0.0,0.0
Saudi,2021,C90,C90 Multiple Myeloma,1.00,0.91,1.8,1.8
Saudi,2021,C91,C91 Lymphoid Leukaemia,1.78,1.86,1.6,0.9
Saudi,2021,C92-C94,C92-C94 Myeloid Leukaemia,0.90,0.91,2.7,3.0
Saudi,2021,C95,C95 Leukaemia unspec.,1.15,1.20,2.3,2.0
Saudi,2022,C00,C00 Lip,1.00,1.08,0.2,0.2
Saudi,2022,C01-C02,C01-C02 Tongue,1.40,1.20,1.4,1.0
Saudi,2022,C03-C06,C03-C06 Mouth,1.20,1.12,1.2,1.0
Saudi,2022,C07-C08,C07-C08 Salivary glands,2.50,1.40,0.5,0.2
Saudi,2022,C09,C09 Tonsil,,3.50,0.1,0.0
Saudi,2022,C10,C10 Other Oropharynx,,2.00,0.1,0.0
Saudi,2022,C11,C11 Nasopharynx,3.75,3.88,3.0,0.8
Saudi,2022,C12-C13,C12-C13 Hypopharynx,2.00,1.50,0.2,0.1
Saudi,2022,C14,C14 Pharynx unspec.,,0.67,0.0,0.1
Saudi,2022,C15,C15 Oesophagus,2.37,2.04,1.9,0.8
Saudi,2022,C16,C16 Stomach,1.86,1.68,4.1,2.2
Saudi,2022,C17,C17 Small intestine,1.38,1.31,1.1,0.8
Saudi,2022,C18,C18 Colon,1.30,1.21,16.1,12.4
Saudi,2022,C19-C20,C19-C20 Rectum,1.87,1.77,10.1,5.4
Saudi,2022,C21,C21 Anus,2.00,2.00,0.4,0.2
Saudi,2022,C22,C22 Liver,2.18,2.05,8.5,3.9
Saudi,2022,C23-C24,C23-C24 Gallbladder etc.,1.00,0.95,2.0,2.0
Saudi,2022,C25,C25 Pancreas,1.67,1.53,5.5,3.3
Saudi,2022,C30-C31,"C30-C31 Nose, sinuses etc.",3.00,3.50,0.3,0.1
Saudi,2022,C32,C32 Larynx,21.00,13.50,2.1,0.1
Saudi,2022,C33-C34,"C33-C34 Trachea,Bronchus,Lung",3.26,2.92,8.8,2.7
Saudi,2022,C37-C38,C37-C38 Other Thoracic organs,1.67,1.46,0.5,0.3
Saudi,2022,C40-C41,C40-C41 Bone,1.08,1.06,1.3,1.2
Saudi,2022,C43,C43 Melanoma of Skin,1.00,1.06,0.3,0.3
Saudi,2022,C45,C45 Mesothelioma,,2.33,0.1,0.0
Saudi,2022,C46,C46 Kaposi sarcoma,6.00,6.00,0.6,0.1
Saudi,2022,C47;C49,"C47;C49 Connective,Soft tissue",1.27,1.21,1.9,1.5
Saudi,2022,C50,C50 Breast,0.02,0.02,0.9,49.7
Saudi,2022,C66,C66 Ureter,1.00,1.17,0.1,0.1
Saudi,2022,C67,C67 Bladder,6.36,5.39,8.9,1.4
Saudi,2022,C70-C72,"C70-C72 Brain, Nervous system",1.32,1.30,4.9,3.7
Saudi,2022,C73,C73 Thyroid,0.33,0.30,5.4,16.5
Saudi,2022,C74,C74 Adrenal gland,1.00,0.89,0.3,0.3
Saudi,2022,C75,C75 Other Endocrine,2.00,1.89,0.2,0.1
Saudi,2022,C81,C81 Hodgkin disease,1.74,1.80,4.0,2.3
Saudi,2022,C82-C85;C96,C82-C85;C96 Non-Hodgkin lymphoma,1.34,1.33,9.5,7.1
Saudi,2022,C88,C88 Immunoproliferative dis.,,,0.0,0.0
Saudi,2022,C90,C90 Multiple Myeloma,1.64,1.49,2.3,1.4
Saudi,2022,C91,C91 Lymphoid Leukaemia,1.77,1.75,2.3,1.3
Saudi,2022,C92-C94,C92-C94 Myeloid Leukaemia,1.28,1.28,3.2,2.5
Saudi,2022,C95,C95 Leukaemia unspec.,1.18,1.18,1.3,1.1
Saudi,2023,C00,C00 Lip,,,0.0,0.0
Saudi,2023,C01-C02,C01-C02 Tongue,1.33,1.32,1.6,1.2
Saudi,2023,C03-C06,C03-C06 Mouth,1.20,1.14,1.2,1.0
Saudi,2023,C07-C08,C07-C08 Salivary glands,1.33,1.04,0.4,0.3
Saudi,2023,C09,C09 Tonsil,1.00,1.00,0.1,0.1
Saudi,2023,C10,C10 Other Oropharynx,1.00,1.75,0.1,0.1
Saudi,2023,C11,C11 Nasopharynx,2.75,2.57,2.2,0.8
Saudi,2023,C12-C13,C12-C13 Hypopharynx,,0.20,0.0,0.1
Saudi,2023,C14,C14 Pharynx unspec.,1.00,1.20,0.1,0.1
Saudi,2023,C15,C15 Oesophagus,1.62,1.50,1.3,0.8
Saudi,2023,C16,C16 Stomach,1.62,1.37,4.2,2.6
Saudi,2023,C17,C17 Small intestine,0.80,0.71,0.8,1.0
Saudi,2023,C18,C18 Colon,1.11,1.05,15.6,14.0
Saudi,2023,C19-C20,C19-C20 Rectum,1.44,1.35,8.5,5.9
Saudi,2023,C21,C21 Anus,3.00,2.67,0.3,0.1
Saudi,2023,C22,C22 Liver,1.85,1.71,7.2,3.9
Saudi,2023,C23-C24,C23-C24 Gallbladder etc.,0.91,0.84,2.0,2.2
Saudi,2023,C25,C25 Pancreas,1.62,1.59,5.2,3.2
Saudi,2023,C30-C31,"C30-C31 Nose, sinuses etc.",1.50,1.47,0.3,0.2
Saudi,2023,C32,C32 Larynx,8.50,7.38,1.7,0.2
Saudi,2023,C33-C34,"C33-C34 Trachea,Bronchus,Lung",2.58,2.28,8.5,3.3
Saudi,2023,C37-C38,C37-C38 Other Thoracic organs,1.20,1.19,0.6,0.5
Saudi,2023,C40-C41,C40-C41 Bone,1.14,1.21,1.6,1.4
Saudi,2023,C43,C43 Melanoma of Skin,1.00,0.88,0.3,0.3
Saudi,2023,C45,C45 Mesothelioma,1.00,0.80,0.1,0.1
Saudi,2023,C46,C46 Kaposi sarcoma,3.00,4.00,0.3,0.1
Saudi,2023,C47;C49,"C47;C49 Connective,Soft tissue",1.06,1.01,1.9,1.8
Saudi,2023,C50,C50 Breast,0.02,0.02,1.3,58.1
Saudi,2023,C64,C64 Kidney,2.30,2.13,6.2,2.7
Saudi,2023,C65,C65 Renal Pelvis,1.00,1.29,0.1,0.1
Saudi,2023,C66,C66 Ureter,,1.33,0.1,0.0
Saudi,2023,C67,C67 Bladder,6.00,5.69,9.6,1.6
Saudi,2023,C68,C68 Other Urinary organs,,3.00,0.1,0.0
Saudi,2023,C69,C69 Eye,1.00,1.54,0.2,0.2
Saudi,2023,C70-C72,"C70-C72 Brain, Nervous system",1.18,1.14,4.5,3.8
Saudi,2023,C73,C73 Thyroid,0.34,0.31,6.0,17.5
Saudi,2023,C74,C74 Adrenal gland,1.00,1.06,0.2,0.2
Saudi,2023,C75,C75 Other Endocrine,0.50,0.58,0.1,0.2
Saudi,2023,C81,C81 Hodgkin disease,1.62,1.63,4.2,2.6
Saudi,2023,C82-C85;C96,C82-C85;C96 Non-Hodgkin lymphoma,1.38,1.37,8.0,5.8
Saudi,2023,C88,C88 Immunoproliferative dis.,,,0.1,0.0
Saudi,2023,C90,C90 Multiple Myeloma,1.31,1.20,1.7,1.3
Saudi,2023,C91,C91 Lymphoid Leukaemia,1.60,1.68,1.6,1.0
Saudi,2023,C92-C94,C92-C94 Myeloid Leukaemia,1.25,1.18,2.5,2.0
Saudi,2023,C95,C95 Leukaemia unspec.,1.62,1.45,2.6,1.6
non-Saudi,2010,C00,C00 Lip,,,0.0,0.0
non-Saudi,2010,C01-C02,C01-C02 Tongue,0.75,2.67,0.9,1.2
non-Saudi,2010,C03-C06,C03-C06 Mouth,,3.33,0.4,0.0
non-Saudi,2010,C07-C08,C07-C08 Salivary glands,0.50,1.86,0.2,0.4
non-Saudi,2010,C09,C09 Tonsil,,,0.0,0.2
non-Saudi,2010,C10,C10 Other Oropharynx,,,0.0,0.0
non-Saudi,2010,C11,C11 Nasopharynx,8.00,6.50,0.8,0.1
non-Saudi,2010,C12-C13,C12-C13 Hypopharynx,1.50,2.50,0.3,0.2
non-Saudi,2010,C14,C14 Pharynx unspec.,,,0.0,0.0
non-Saudi,2010,C15,C15 Oesophagus,0.67,2.00,1.2,1.8
non-Saudi,2010,C16,C16 Stomach,1.03,2.65,3.9,3.8
non-Saudi,2010,C17,C17 Small intestine,0.37,0.62,0.3,0.8
non-Saudi,2010,C18,C18 Colon,0.63,1.83,5.2,8.3
non-Saudi,2010,C19-C20,C19-C20 Rectum,0.61,1.96,3.9,6.4
non-Saudi,2010,C21,C21 Anus,0.57,3.20,0.4,0.7
non-Saudi,2010,C22,C22 Liver,0.52,1.53,2.7,5.2
non-Saudi,2010,C23-C24,C23-C24 Gallbladder etc.,0.77,2.09,1.0,1.3
non-Saudi,2010,C25,C25 Pancreas,0.72,1.63,1.8,2.5
non-Saudi,2010,C30-C31,"C30-C31 Nose, sinuses etc.",0.33,1.33,0.1,0.3
non-Saudi,2010,C32,C32 Larynx,,,1.2,0.0
non-Saudi,2010,C33-C34,"C33-C34 Trachea,Bronchus,Lung",1.32,3.92,4.5,3.4
non-Saudi,2010,C37-C38,C37-C38 Other Thoracic organs,2.00,2.00,0.2,0.1
non-Saudi,2010,C40-C41,C40-C41 Bone,1.50,1.77,0.6,0.4
non-Saudi,2010,C43,C43 Melanoma of Skin,1.33,5.50,0.4,0.3
non-Saudi,2010,C45,C45 Mesothelioma,0.50,4.00,0.1,0.2
non-Saudi,2010,C46,C46 Kaposi sarcoma,,8.00,0.5,0.0
non-Saudi,2010,C47;C49,"C47;C49 Connective,Soft tissue",2.00,5.38,0.8,0.4
non-Saudi,2010,C50,C50 Breast,0.01,0.02,0.3,44.6
non-Saudi,2010,C64,C64 Kidney,1.41,3.47,2.4,1.7
non-Saudi,2010,C65,C65 Renal Pelvis,,,0.2,0.0
non-Saudi,2010,C66,C66 Ureter,,,0.0,0.0
non-Saudi,2010,C67,C67 Bladder,2.35,7.73,4.0,1.7
non-Saudi,2010,C68,C68 Other Urinary organs,,,0.0,0.0
non-Saudi,2010,C69,C69 Eye,0.50,5.00,0.1,0.2
non-Saudi,2010,C70-C72,"C70-C72 Brain, Nervous system",1.14,3.50,1.6,1.4
non-Saudi,2010,C73,C73 Thyroid,0.26,0.57,1.3,5.0
non-Saudi,2010,C74,C74 Adrenal gland,,,0.1,0.0
non-Saudi,2010,C75,C75 Other Endocrine,,,0.1,0.0
non-Saudi,2010,C81,C81 Hodgkin disease,1.27,2.63,1.4,1.1
non-Saudi,2010,C82-C85;C96,C82-C85;C96 Non-Hodgkin lymphoma,0.63,2.46,3.3,5.2
non-Saudi,2010,C88,C88 Immunoproliferative dis.,,,0.0,0.0
non-Saudi,2010,C90,C90 Multiple Myeloma,0.44,1.55,0.7,1.6
non-Saudi,2010,C91,C91 Lymphoid Leukaemia,1.00,1.45,1.6,1.6
non-Saudi,2010,C92-C94,C92-C94 Myeloid Leukaemia,1.09,1.76,1.2,1.1
non-Saudi,2010,C95,C95 Leukaemia unspec.,3.00,5.33,0.6,0.2
non-Saudi,2018,C00,C00 Lip,0.33,1.67,0.1,0.3
non-Saudi,2018,C01-C02,C01-C02 Tongue,0.60,1.73,0.3,0.5
non-Saudi,2018,C03-C06,C03-C06 Mouth,1.17,4.00,0.7,0.6
non-Saudi,2018,C07-C08,C07-C08 Salivary glands,0.50,1.14,0.1,0.2
non-Saudi,2018,C09,C09 Tonsil,,,0.0,0.0
non-Saudi,2018,C10,C10 Other Oropharynx,,,0.0,0.0
non-Saudi,2018,C11,C11 Nasopharynx,1.00,4.22,0.4,0.4
non-Saudi,2018,C12-C13,C12-C13 Hypopharynx,,,0.1,0.0
non-Saudi,2018,C14,C14 Pharynx unspec.,,,0.0,0.0
non-Saudi,2018,C15,C15 Oesophagus,1.50,4.40,0.6,0.4
non-Saudi,2018,C16,C16 Stomach,0.68,2.50,1.5,2.2
non-Saudi,2018,C17,C17 Small intestine,0.60,2.80,0.3,0.5
non-Saudi,2018,C18,C18 Colon,0.62,1.99,3.5,5.6
non-Saudi,2018,C19-C20,C19-C20 Rectum,1.00,2.87,2.5,2.5
non-Saudi,2018,C21,C21 Anus,,,0.2,0.0
non-Saudi,2018,C22,C22 Liver,0.47,1.30,0.8,1.7
non-Saudi,2018,C23-C24,C23-C24 Gallbladder etc.,0.40,1.07,0.4,1.0
non-Saudi,2018,C25,C25 Pancreas,0.90,2.93,0.9,1.0
non-Saudi,2018,C30-C31,"C30-C31 Nose, sinuses etc.",,1.33,0.0,0.1
non-Saudi,2018,C32,C32 Larynx,4.00,11.00,0.4,0.1
non-Saudi,2018,C33-C34,"C33-C34 Trachea,Bronchus,Lung",1.00,3.29,2.1,2.1
non-Saudi,2018,C37-C38,C37-C38 Other Thoracic organs,1.00,2.67,0.1,0.1
non-Saudi,2018,C40-C41,C40-C41 Bone,0.60,1.83,0.3,0.5
non-Saudi,2018,C43,C43 Melanoma of Skin,1.00,1.80,0.2,0.2
non-Saudi,2018,C45,C45 Mesothelioma,,,0.1,0.0
non-Saudi,2018,C46,C46 Kaposi sarcoma,0.50,2.50,0.1,0.2
non-Saudi,2018,C47;C49,"C47;C49 Connective,Soft tissue",0.50,1.67,0.6,1.2
non-Saudi,2018,C50,C50 Breast,0.01,0.02,0.3,36.0
non-Saudi,2018,C64,C64 Kidney,0.72,2.72,1.3,1.8
non-Saudi,2018,C65,C65 Renal Pelvis,,,0.1,0.0
non-Saudi,2018,C66,C66 Ureter,,,0.0,0.0
non-Saudi,2018,C67,C67 Bladder,1.36,4.64,3.0,2.2
non-Saudi,2018,C68,C68 Other Urinary organs,,,0.0,0.0
non-Saudi,2018,C69,C69 Eye,4.00,5.00,0.4,0.1
non-Saudi,2018,C70-C72,"C70-C72 Brain, Nervous system",0.83,2.17,1.5,1.8
non-Saudi,2018,C73,C73 Thyroid,0.20,0.52,1.0,4.9
non-Saudi,2018,C74,C74 Adrenal gland,0.33,0.60,0.1,0.3
non-Saudi,2018,C75,C75 Other Endocrine,1.00,1.50,0.1,0.1
non-Saudi,2018,C81,C81 Hodgkin disease,1.29,2.44,0.9,0.7
non-Saudi,2018,C82-C85;C96,C82-C85;C96 Non-Hodgkin lymphoma,0.57,1.91,2.0,3.5
non-Saudi,2018,C88,C88 Immunoproliferative dis.,,,0.0,0.0
non-Saudi,2018,C90,C90 Multiple Myeloma,1.33,3.00,0.4,0.3
non-Saudi,2018,C91,C91 Lymphoid Leukaemia,1.33,2.35,0.8,0.6
non-Saudi,2018,C92-C94,C92-C94 Myeloid Leukaemia,0.70,2.18,0.7,1.0
non-Saudi,2018,C95,C95 Leukaemia unspec.,0.50,1.08,0.3,0.6
non-Saudi,2019,C00,C00 Lip,,4.00,0.0,0.1
non-Saudi,2019,C01-C02,C01-C02 Tongue,1.00,2.69,0.6,0.6
non-Saudi,2019,C03-C06,C03-C06 Mouth,7.00,9.33,0.7,0.1
non-Saudi,2019,C07-C08,C07-C08 Salivary glands,2.00,4.20,0.4,0.2
non-Saudi,2019,C09,C09 Tonsil,,,0.0,0.0
non-Saudi,2019,C10,C10 Other Oropharynx,,,0.0,0.0
non-Saudi,2019,C11,C11 Nasopharynx,1.00,3.43,0.6,0.6
non-Saudi,2019,C12-C13,C12-C13 Hypopharynx,1.00,0.25,0.1,0.1
non-Saudi,2019,C14,C14 Pharynx unspec.,,1.00,0.0,0.0
non-Saudi,2019,C15,C15 Oesophagus,1.50,3.40,0.3,0.2
non-Saudi,2019,C16,C16 Stomach,0.87,2.06,1.4,1.6
non-Saudi,2019,C17,C17 Small intestine,0.75,3.00,0.3,0.4
non-Saudi,2019,C18,C18 Colon,0.63,1.83,3.6,5.7
non-Saudi,2019,C19-C20,C19-C20 Rectum,0.59,2.15,2.2,3.7
non-Saudi,2019,C21,C21 Anus,2.00,4.00,0.2,0.1
non-Saudi,2019,C22,C22 Liver,0.77,2.68,1.0,1.3
non-Saudi,2019,C23-C24,C23-C24 Gallbladder etc.,1.00,2.29,0.5,0.5
non-Saudi,2019,C25,C25 Pancreas,0.50,1.60,0.8,1.6
non-Saudi,2019,C30-C31,"C30-C31 Nose, sinuses etc.",1.00,1.50,0.1,0.1
non-Saudi,2019,C32,C32 Larynx,3.00,9.67,0.6,0.2
non-Saudi,2019,C33-C34,"C33-C34 Trachea,Bronchus,Lung",0.75,2.36,2.4,3.2
non-Saudi,2019,C37-C38,C37-C38 Other Thoracic organs,0.67,2.86,0.2,0.3
non-Saudi,2019,C40-C41,C40-C41 Bone,1.14,1.88,0.8,0.7
non-Saudi,2019,C43,C43 Melanoma of Skin,0.33,2.25,0.1,0.3
non-Saudi,2019,C45,C45 Mesothelioma,,,0.2,0.0
non-Saudi,2019,C46,C46 Kaposi sarcoma,,2.00,0.0,0.1
non-Saudi,2019,C47;C49,"C47;C49 Connective,Soft tissue",0.60,1.58,0.6,1.0
non-Saudi,2019,C50,C50 Breast,0.01,0.03,0.4,32.5
non-Saudi,2019,C64,C64 Kidney,0.67,1.90,1.0,1.5
non-Saudi,2019,C65,C65 Renal Pelvis,,2.00,0.1,0.0
non-Saudi,2019,C66,C66 Ureter,,,0.0,0.0
non-Saudi,2019,C67,C67 Bladder,2.44,9.60,2.2,0.9
non-Saudi,2019,C68,C68 Other Urinary organs,,2.00,0.0,0.1
non-Saudi,2019,C69,C69 Eye,3.00,3.00,0.3,0.1
non-Saudi,2019,C70-C72,"C70-C72 Brain, Nervous system",0.71,1.71,1.0,1.4
non-Saudi,2019,C73,C73 Thyroid,0.17,0.46,0.7,4.0
non-Saudi,2019,C74,C74 Adrenal gland,0.67,1.00,0.2,0.3
non-Saudi,2019,C75,C75 Other Endocrine,,,0.0,0.0
non-Saudi,2019,C81,C81 Hodgkin disease,3.00,4.23,0.9,0.3
non-Saudi,2019,C82-C85;C96,C82-C85;C96 Non-Hodgkin lymphoma,0.64,2.00,1.8,2.8
non-Saudi,2019,C88,C88 Immunoproliferative dis.,,,0.1,0.0
non-Saudi,2019,C90,C90 Multiple Myeloma,0.75,2.15,0.6,0.8
non-Saudi,2019,C91,C91 Lymphoid Leukaemia,1.27,2.03,1.4,1.1
non-Saudi,2019,C92-C94,C92-C94 Myeloid Leukaemia,0.50,1.94,0.8,1.6
non-Saudi,2019,C95,C95 Leukaemia unspec.,0.42,1.10,0.5,1.2
non-Saudi,2020,C00,C00 Lip,0.50,3.00,0.1,0.2
non-Saudi,2020,C01-C02,C01-C02 Tongue,0.25,1.83,0.1,0.4
non-Saudi,2020,C03-C06,C03-C06 Mouth,2.00,7.50,0.2,0.1
non-Saudi,2020,C07-C08,C07-C08 Salivary glands,0.50,2.25,0.1,0.2
non-Saudi,2020,C09,C09 Tonsil,,,0.0,0.0
non-Saudi,2020,C10,C10 Other Oropharynx,,1.00,0.0,0.1
non-Saudi,2020,C11,C11 Nasopharynx,1.00,9.00,0.3,0.3
non-Saudi,2020,C12-C13,C12-C13 Hypopharynx,,0.75,0.0,0.1
non-Saudi,2020,C14,C14 Pharynx unspec.,,,0.1,0.0
non-Saudi,2020,C15,C15 Oesophagus,1.00,2.00,0.5,0.5
non-Saudi,2020,C16,C16 Stomach,1.43,2.50,1.0,0.7
non-Saudi,2020,C17,C17 Small intestine,1.00,3.00,0.2,0.2
non-Saudi,2020,C18,C18 Colon,0.73,2.23,3.0,4.1
non-Saudi,2020,C19-C20,C19-C20 Rectum,1.08,3.71,1.3,1.2
non-Saudi,2020,C21,C21 Anus,1.00,3.00,0.1,0.1
non-Saudi,2020,C22,C22 Liver,1.22,3.85,1.1,0.9
non-Saudi,2020,C23-C24,C23-C24 Gallbladder etc.,0.29,1.60,0.2,0.7
non-Saudi,2020,C25,C25 Pancreas,0.62,1.52,0.8,1.3
non-Saudi,2020,C30-C31,"C30-C31 Nose, sinuses etc.",0.50,1.20,0.1,0.2
non-Saudi,2020,C32,C32 Larynx,5.00,23.00,0.5,0.1
non-Saudi,2020,C33-C34,"C33-C34 Trachea,Bronchus,Lung",1.28,3.57,2.3,1.8
non-Saudi,2020,C37-C38,C37-C38 Other Thoracic organs,0.50,3.50,0.1,0.2
non-Saudi,2020,C40-C41,C40-C41 Bone,0.64,1.50,0.9,1.4
non-Saudi,2020,C43,C43 Melanoma of Skin,0.25,1.60,0.1,0.4
non-Saudi,2020,C45,C45 Mesothelioma,,,0.0,0.0
non-Saudi,2020,C46,C46 Kaposi sarcoma,,1.00,0.0,0.0
non-Saudi,2020,C47;C49,"C47;C49 Connective,Soft tissue",0.60,1.43,0.6,1.0
non-Saudi,2020,C50,C50 Breast,0.00,0.02,0.1,23.4
non-Saudi,2020,C64,C64 Kidney,1.00,3.38,0.8,0.8
non-Saudi,2020,C65,C65 Renal Pelvis,,,0.0,0.0
non-Saudi,2020,C66,C66 Ureter,,,0.0,0.0
non-Saudi,2020,C67,C67 Bladder,2.25,6.38,1.8,0.8
non-Saudi,2020,C68,C68 Other Urinary organs,,,0.0,0.0
non-Saudi,2020,C69,C69 Eye,2.00,3.00,0.2,0.1
non-Saudi,2020,C70-C72,"C70-C72 Brain, Nervous system",0.60,1.85,0.9,1.5
non-Saudi,2020,C73,C73 Thyroid,0.19,0.47,0.5,2.7
non-Saudi,2020,C74,C74 Adrenal gland,,2.00,0.1,0.0
non-Saudi,2020,C75,C75 Other Endocrine,,1.00,0.0,0.0
non-Saudi,2020,C81,C81 Hodgkin disease,0.80,1.59,0.8,1.0
non-Saudi,2020,C82-C85;C96,C82-C85;C96 Non-Hodgkin lymphoma,1.21,2.58,1.7,1.4
non-Saudi,2020,C88,C88 Immunoproliferative dis.,,,0.0,0.0
non-Saudi,2020,C90,C90 Multiple Myeloma,0.44,2.21,0.4,0.9
non-Saudi,2020,C91,C91 Lymphoid Leukaemia,1.40,2.09,1.4,1.0
non-Saudi,2020,C92-C94,C92-C94 Myeloid Leukaemia,0.46,1.81,0.6,1.3
non-Saudi,2020,C95,C95 Leukaemia unspec.,0.87,2.18,0.7,0.8
non-Saudi,2021,C00,C00 Lip,0.50,3.33,0.1,0.2
non-Saudi,2021,C01-C02,C01-C02 Tongue,1.25,5.83,0.5,0.4
non-Saudi,2021,C03-C06,C03-C06 Mouth,1.00,5.33,0.3,0.3
non-Saudi,2021,C07-C08,C07-C08 Salivary glands,0.50,2.60,0.1,0.2
non-Saudi,2021,C09,C09 Tonsil,,1.00,0.0,0.0
non-Saudi,2021,C10,C10 Other Oropharynx,,,0.1,0.0
non-Saudi,2021,C11,C11 Nasopharynx,1.00,2.23,0.4,0.4
non-Saudi,2021,C12-C13,C12-C13 Hypopharynx,,2.00,0.0,0.0
non-Saudi,2021,C14,C14 Pharynx unspec.,,,0.0,0.1
non-Saudi,2021,C15,C15 Oesophagus,0.71,1.36,0.5,0.7
non-Saudi,2021,C16,C16 Stomach,0.55,2.17,1.2,2.2
non-Saudi,2021,C17,C17 Small intestine,1.00,1.90,0.5,0.5
non-Saudi,2021,C18,C18 Colon,0.52,1.57,4.2,8.1
non-Saudi,2021,C19-C20,C19-C20 Rectum,0.62,1.97,2.1,3.4
non-Saudi,2021,C21,C21 Anus,0.20,2.00,0.1,0.5
non-Saudi,2021,C22,C22 Liver,0.56,1.60,1.4,2.5
non-Saudi,2021,C23-C24,C23-C24 Gallbladder etc.,0.38,1.00,0.5,1.3
non-Saudi,2021,C25,C25 Pancreas,0.76,2.53,1.3,1.7
non-Saudi,2021,C30-C31,"C30-C31 Nose, sinuses etc.",0.67,0.67,0.2,0.3
non-Saudi,2021,C32,C32 Larynx,,,0.4,0.0
non-Saudi,2021,C33-C34,"C33-C34 Trachea,Bronchus,Lung",0.83,2.02,2.5,3.0
non-Saudi,2021,C37-C38,C37-C38 Other Thoracic organs,1.00,2.57,0.3,0.3
non-Saudi,2021,C40-C41,C40-C41 Bone,0.57,1.39,0.8,1.4
non-Saudi,2021,C43,C43 Melanoma of Skin,,1.20,0.0,0.4
non-Saudi,2021,C45,C45 Mesothelioma,,,0.0,0.0
non-Saudi,2021,C46,C46 Kaposi sarcoma,,,0.1,0.0
non-Saudi,2021,C47;C49,"C47;C49 Connective,Soft tissue",0.71,1.77,1.0,1.4
non-Saudi,2021,C50,C50 Breast,0.01,0.03,0.5,43.4
non-Saudi,2021,C64,C64 Kidney,0.72,2.47,1.3,1.8
non-Saudi,2021,C65,C65 Renal Pelvis,,0.20,0.0,0.3
non-Saudi,2021,C66,C66 Ureter,,1.00,0.1,0.0
non-Saudi,2021,C67,C67 Bladder,3.75,7.93,3.0,0.8
non-Saudi,2021,C68,C68 Other Urinary organs,,,0.0,0.0
non-Saudi,2021,C69,C69 Eye,1.00,1.50,0.1,0.1
non-Saudi,2021,C70-C72,"C70-C72 Brain, Nervous system",0.67,1.44,1.6,2.4
non-Saudi,2021,C73,C73 Thyroid,0.16,0.44,1.1,6.7
non-Saudi,2021,C74,C74 Adrenal gland,,0.60,0.0,0.2
non-Saudi,2021,C75,C75 Other Endocrine,,4.00,0.1,0.0
non-Saudi,2021,C81,C81 Hodgkin disease,0.80,1.37,1.2,1.5
non-Saudi,2021,C82-C85;C96,C82-C85;C96 Non-Hodgkin lymphoma,0.50,1.60,1.5,3.0
non-Saudi,2021,C88,C88 Immunoproliferative dis.,,,0.0,0.0
non-Saudi,2021,C90,C90 Multiple Myeloma,1.50,4.00,0.9,0.6
non-Saudi,2021,C91,C91 Lymphoid Leukaemia,0.95,1.29,1.9,2.0
non-Saudi,2021,C92-C94,C92-C94 Myeloid Leukaemia,0.53,1.73,0.8,1.5
non-Saudi,2021,C95,C95 Leukaemia unspec.,0.82,1.55,1.4,1.7
non-Saudi,2022,C00,C00 Lip,0.25,1.56,0.2,0.8
non-Saudi,2022,C01-C02,C01-C02 Tongue,0.64,1.89,0.7,1.1
non-Saudi,2022,C03-C06,C03-C06 Mouth,0.50,1.70,0.3,0.6
non-Saudi,2022,C07-C08,C07-C08 Salivary glands,1.50,2.12,0.3,0.2
non-Saudi,2022,C09,C09 Tonsil,,2.00,0.0,0.0
non-Saudi,2022,C10,C10 Other Oropharynx,,,0.0,0.0
non-Saudi,2022,C11,C11 Nasopharynx,1.17,3.29,0.7,0.6
non-Saudi,2022,C12-C13,C12-C13 Hypopharynx,,1.00,0.0,0.1
non-Saudi,2022,C14,C14 Pharynx unspec.,,,0.0,0.0
non-Saudi,2022,C15,C15 Oesophagus,0.50,1.43,0.3,0.6
non-Saudi,2022,C16,C16 Stomach,0.33,1.54,1.1,3.3
non-Saudi,2022,C17,C17 Small intestine,1.50,3.50,0.6,0.4
non-Saudi,2022,C18,C18 Colon,0.55,1.64,4.5,8.2
non-Saudi,2022,C19-C20,C19-C20 Rectum,0.68,1.95,2.1,3.1
non-Saudi,2022,C21,C21 Anus,,6.00,0.2,0.0
non-Saudi,2022,C22,C22 Liver,0.71,2.26,2.2,3.1
non-Saudi,2022,C23-C24,C23-C24 Gallbladder etc.,0.25,0.89,0.4,1.6
non-Saudi,2022,C25,C25 Pancreas,0.52,1.57,1.5,2.9
non-Saudi,2022,C30-C31,"C30-C31 Nose, sinuses etc.",,6.00,0.0,0.0
non-Saudi,2022,C32,C32 Larynx,,11.00,0.5,0.0
non-Saudi,2022,C33-C34,"C33-C34 Trachea,Bronchus,Lung",0.66,1.87,2.9,4.4
non-Saudi,2022,C37-C38,C37-C38 Other Thoracic organs,1.50,3.50,0.3,0.2
non-Saudi,2022,C40-C41,C40-C41 Bone,1.11,2.48,1.0,0.9
non-Saudi,2022,C43,C43 Melanoma of Skin,1.00,2.40,0.2,0.2
non-Saudi,2022,C45,C45 Mesothelioma,,4.00,0.0,0.0
non-Saudi,2022,C46,C46 Kaposi sarcoma,,,0.1,0.0
non-Saudi,2022,C47;C49,"C47;C49 Connective,Soft tissue",0.69,1.67,1.1,1.6
non-Saudi,2022,C50,C50 Breast,0.01,0.01,0.4,41.7
non-Saudi,2022,C64,C64 Kidney,0.82,2.91,1.8,2.2
non-Saudi,2022,C65,C65 Renal Pelvis,1.00,2.00,0.1,0.1
non-Saudi,2022,C66,C66 Ureter,1.00,1.00,0.1,0.1
non-Saudi,2022,C67,C67 Bladder,1.65,4.87,2.8,1.7
non-Saudi,2022,C68,C68 Other Urinary organs,,,0.0,0.0
non-Saudi,2022,C69,C69 Eye,1.00,1.00,0.2,0.2
non-Saudi,2022,C70-C72,"C70-C72 Brain, Nervous system",0.79,1.94,2.3,2.9
non-Saudi,2022,C73,C73 Thyroid,0.14,0.41,0.8,5.6
non-Saudi,2022,C74,C74 Adrenal gland,1.00,1.17,0.2,0.2
non-Saudi,2022,C75,C75 Other Endocrine,,2.00,0.0,0.0
non-Saudi,2022,C81,C81 Hodgkin disease,0.74,1.93,1.4,1.9
non-Saudi,2022,C82-C85;C96,C82-C85;C96 Non-Hodgkin lymphoma,0.60,1.71,2.5,4.2
non-Saudi,2022,C88,C88 Immunoproliferative dis.,,,0.0,0.0
non-Saudi,2022,C90,C90 Multiple Myeloma,0.64,2.00,0.7,1.1
non-Saudi,2022,C91,C91 Lymphoid Leukaemia,1.32,1.89,2.5,1.9
non-Saudi,2022,C92-C94,C92-C94 Myeloid Leukaemia,0.62,1.85,1.0,1.6
non-Saudi,2022,C95,C95 Leukaemia unspec.,0.56,1.48,0.9,1.6
non-Saudi,2023,C00,C00 Lip,,,0.0,0.0
non-Saudi,2023,C01-C02,C01-C02 Tongue,0.83,2.07,0.5,0.6
non-Saudi,2023,C03-C06,C03-C06 Mouth,0.43,2.20,0.3,0.7
non-Saudi,2023,C07-C08,C07-C08 Salivary glands,1.00,2.29,0.2,0.2
non-Saudi,2023,C09,C09 Tonsil,,,0.0,0.0
non-Saudi,2023,C10,C10 Other Oropharynx,,,0.1,0.0
non-Saudi,2023,C11,C11 Nasopharynx,1.14,3.38,0.8,0.7
non-Saudi,2023,C12-C13,C12-C13 Hypopharynx,,1.67,0.0,0.1
non-Saudi,2023,C14,C14 Pharynx unspec.,0.50,2.50,0.1,0.2
non-Saudi,2023,C15,C15 Oesophagus,0.37,1.55,0.6,1.6
non-Saudi,2023,C16,C16 Stomach,0.81,1.87,1.7,2.1
non-Saudi,2023,C17,C17 Small intestine,0.50,1.62,0.5,1.0
non-Saudi,2023,C18,C18 Colon,0.60,1.95,5.8,9.6
non-Saudi,2023,C19-C20,C19-C20 Rectum,0.58,1.78,2.5,4.3
non-Saudi,2023,C21,C21 Anus,0.25,1.25,0.1,0.4
non-Saudi,2023,C22,C22 Liver,0.71,2.05,2.0,2.8
non-Saudi,2023,C23-C24,C23-C24 Gallbladder etc.,0.86,3.67,0.6,0.7
non-Saudi,2023,C25,C25 Pancreas,1.14,2.83,1.6,1.4
non-Saudi,2023,C30-C31,"C30-C31 Nose, sinuses etc.",0.67,2.80,0.2,0.3
non-Saudi,2023,C32,C32 Larynx,6.00,24.00,0.6,0.1
non-Saudi,2023,C33-C34,"C33-C34 Trachea,Bronchus,Lung",0.93,2.24,3.8,4.1
non-Saudi,2023,C37-C38,C37-C38 Other Thoracic organs,0.60,2.50,0.3,0.5
non-Saudi,2023,C40-C41,C40-C41 Bone,0.46,1.32,1.1,2.4
non-Saudi,2023,C43,C43 Melanoma of Skin,1.50,2.29,0.3,0.2
non-Saudi,2023,C45,C45 Mesothelioma,,3.00,0.0,0.0
non-Saudi,2023,C46,C46 Kaposi sarcoma,,2.00,0.0,0.1
non-Saudi,2023,C47;C49,"C47;C49 Connective,Soft tissue",0.27,1.00,0.7,2.6
non-Saudi,2023,C50,C50 Breast,0.02,0.04,0.8,47.7
non-Saudi,2023,C64,C64 Kidney,0.76,2.13,1.6,2.1
non-Saudi,2023,C65,C65 Renal Pelvis,0.50,0.75,0.1,0.2
non-Saudi,2023,C66,C66 Ureter,,,0.1,0.0
non-Saudi,2023,C67,C67 Bladder,1.83,6.30,3.3,1.8
non-Saudi,2023,C68,C68 Other Urinary organs,,,0.0,0.0
non-Saudi,2023,C69,C69 Eye,4.00,4.00,0.4,0.1
non-Saudi,2023,C70-C72,"C70-C72 Brain, Nervous system",0.80,2.00,1.6,2.0
non-Saudi,2023,C73,C73 Thyroid,0.18,0.53,1.1,6.2
non-Saudi,2023,C74,C74 Adrenal gland,1.00,1.33,0.3,0.3
non-Saudi,2023,C75,C75 Other Endocrine,,1.00,0.0,0.0
non-Saudi,2023,C81,C81 Hodgkin disease,0.62,1.59,1.3,2.1
non-Saudi,2023,C82-C85;C96,C82-C85;C96 Non-Hodgkin lymphoma,0.51,1.61,1.9,3.7
non-Saudi,2023,C88,C88 Immunoproliferative dis.,,,0.0,0.0
non-Saudi,2023,C90,C90 Multiple Myeloma,0.50,1.69,0.6,1.2
non-Saudi,2023,C91,C91 Lymphoid Leukaemia,0.91,1.91,1.0,1.1
non-Saudi,2023,C92-C94,C92-C94 Myeloid Leukaemia,0.44,1.38,0.8,1.8
non-Saudi,2023,C95,C95 Leukaemia unspec.,0.42,1.03,0.8,1.9
