dataset_id,source_cluster,linked_cite_keys,data_type,granularity,custodian,access_route,access_locator,locator_confidence,in_package_currently,notes
lss_rerf,Atomic-bomb survivors (Life Span Study),grant2017;cullings2017;furukawa2010;egawa2012;ohtaki2025,Individual cohort records + DS02R1 dosimetry; dose-response tables,microdata + dosimetry,"Radiation Effects Research Foundation (RERF), Hiroshima/Nagasaki",APPLICATION,rerf.or.jp (Open Data / formal data-request & research agreement),medium,published ERR/Gy results only,Some aggregated dose-response data are downloadable; individual-level data require a RERF research agreement.
semipalatinsk,Semipalatinsk historical cohort,bauer2005;grosche2011,Individual fallout-dose + mortality records,microdata,Kazakh Research Institute for Radiation Medicine & Ecology / German BfS (consortium),RESTRICTED,by collaboration with the cohort custodians (no public portal),medium,published ERR/Sv results only,Not publicly distributed; access by research collaboration.
camp_lejeune_atsdr,Camp Lejeune contaminated water cohort,atsdr2024;ruckart2015;nrc2009,Cohort mortality/incidence study data; water-distribution modeling outputs,microdata + modeled,ATSDR / CDC,APPLICATION,atsdr.cdc.gov (Camp Lejeune studies); data request / FOIA to ATSDR,medium,published RR/HR + presumptive list,Study reports and water-modeling reports are public; analytic datasets via ATSDR request/FOIA.
gulfwar_us,U.S. Gulf War / Khamisiyah veterans,bullman2005;barth2009;gao2004;haley2013,Veteran mortality records; DoD plume-exposure models,microdata + modeled,U.S. Dept. of Veterans Affairs / DoD; GAO (plume review),RESTRICTED,VA Epidemiology; GAO report GAO-04-159 (gao.gov) is OPEN,low,published mortality ratios,Veteran microdata restricted; plume-model review document is public.
gulfwar_uk,U.K. Gulf War cohort,macfarlane2003,Deployed vs non-deployed cancer-incidence cohort,microdata,London School of Hygiene & Tropical Medicine / King's College (MRC-funded),RESTRICTED,via the study team (no public portal),low,published IRR 0.99,Cohort data held by the original investigators.
agent_orange,Agent Orange / dioxin (Ranch Hand; NIOSH; Seveso),akhtar2004;steenland1999;iomvao;pesatori2009,Air Force Health Study (Ranch Hand) cohort; NIOSH dioxin-worker cohort; Seveso cohort,microdata,NAS Medical Follow-up Agency (AFHS repository); NIOSH; Italian Seveso registry,APPLICATION,nationalacademies.org Medical Follow-up Agency (AFHS data); NIOSH; Seveso custodians,low,published RR (biomarker vs proxy),AFHS data deposited with NAS/MFUA on application; others restricted.
burn_pits,Post-9/11 burn-pit exposure (PACT Act),pact2022;nasem2020,VA Airborne Hazards & Open Burn Pit (AH-OBP) Registry; presumptive policy,registry + document,U.S. Dept. of Veterans Affairs,APPLICATION,VA AH-OBP Registry (research data request); PACT Act = DOCUMENT,medium,presumptive list (contextual),Registry data via VA application; the Act itself and NASEM report are documents.
bhopal,Bhopal methyl-isocyanate release,sambhavna;mishra2009;senthilkumar2012;dhara2002,Community health-survey records; cytogenetic study data,survey microdata + lab,Sambhavna Trust Clinic; ICMR,RESTRICTED,Sambhavna Trust (sambhavna.org); ICMR,low,survey ratios (hypothesis-generating),Grey-literature survey data; access via the holding organizations.
fallujah,Fallujah conflict-associated exposure,busby2010;alaani2011,Household cancer/birth survey; hair-metal assays,survey microdata + lab,Original authors (Busby et al.) / journal,OPEN,IJERPH 2010 article + its supplementary material (open access),medium,RR 12.6 pediatric (F/B),Summary survey data are in the open-access papers; raw forms with authors.
kuwait,Kuwaiti civilians,cange2013;alawadhi2023,Kuwait national cancer-registry incidence; thesis survey,registry aggregate + thesis,Kuwait Cancer Control Center / Kuwait Cancer Registry; Univ. of Washington (thesis),ETHICS,"UW ResearchWorks (Cange 2013 thesis, OPEN); KCCC registry via application",medium,ASIR inflection ~1999,Thesis is openly available; registry microdata via KCCC ethics approval.
beirut,Beirut port ammonium-nitrate blast,alhajj2021;beirutpm2023,Air-quality / PM measurements; review syntheses,measurements + document,Original authors / journals,OPEN,the cited journal articles + their supplements,medium,PAH risk; no incidence yet,Immature latency; only measurement/review data exist so far.
cancer_alley,Louisiana 'Cancer Alley' petrochemical corridor,robinson2025;terrell2024;kweon,Measured VOC concentrations; modeled air-toxics cancer-risk surfaces,measurements + modeled,"U.S. EPA (AirToxScreen/NATA, ECHO, EJScreen); study authors",OPEN,epa.gov AirToxScreen + ECHO + EJScreen (OPEN); Robinson 2025 PNAS supplement,medium,risk up to 11x models (contextual),EPA air-toxics surfaces are openly downloadable; measured-VOC data in the PNAS supplement.
saudi_scr,Saudi Cancer Registry (Eastern Province + national),scrlung2025;scr2020;basudan2023;madinah2024;ksasurv2022;ksaregional2024;ksacrc;alidrissi1987;altamimi1996,Registry incidence/survival; PROPOSED-study microdata (region-year-age-sex-site),registry: aggregate public / microdata gated,Saudi Ministry of Health — Saudi Cancer Registry / Saudi Health Council,ETHICS,"SCR annual reports (public PDFs, aggregate); microdata via MoH ethics + DUA",high,crude-rate ratio 5.7x (ecological),THE key input to the proposed study (Section 5). Aggregate reports are public; case-level microdata require Saudi MoH ethics approval.
saudi_plume,1991 Kuwait oil-fire air quality (Eastern Province),amin1994,"Monitoring-site SO2/PM/CO/H2S/NOx concentrations, 1991",measurements,Original authors (Amin & Husain) / Atmospheric Environment,RESTRICTED,tables within the cited 1994 article,medium,plume exposure documentation,Historical monitoring values reported in the paper; raw station logs likely not archived.
saudi_spatial,Saudi spatial-cluster analysis,alahmadi2013,Region-level cancer counts + spatial weights (Moran's I),aggregate + geospatial,Original authors / IJERPH,OPEN,IJERPH 2013 article + supplement (open access),medium,EP high-high clusters,Aggregate inputs are in the open-access paper.
gats_saudi,Saudi smoking prevalence (GATS 2019),gats2019,Global Adult Tobacco Survey microdata + report,survey microdata,WHO / CDC Global Tobacco Surveillance System (GTSS),APPLICATION,who.int tobacco surveillance + CDC GTSSData (microdata on request); report OPEN,medium,27.5% men / 3.7% women,Country report is public; respondent-level microdata via GTSS data request.
screening_trials,Mammographic-screening overdiagnosis estimates,duffy2005;gotzsche2009;paci2006,Trial/service-screening incidence + lead-time models,aggregate + modeled,Original trial investigators / journals,OPEN,the cited journal articles (estimates + parameters in-text/supplements),medium,~37% lead-time; 4.6% corrected,Used for the breast-cancer exclusion rationale; trial microdata not public.
uranium_miners,Radon / uranium-miner pooled analyses,beir1999;puma2023;whittemore1983,Pooled miner cohorts (radon dose-response),microdata (pooled),PUMA consortium (NCI/IARC); NAS (BEIR VI report),RESTRICTED,PUMA consortium custodians; BEIR VI = DOCUMENT (nap.nationalacademies.org),low,context (currently uncited in text),Pooled cohort data are consortium-held; BEIR VI is a public report.
survival_benchmarks,International survival benchmark (CONCORD-3),concord3,Population-based 5-year survival estimates,aggregate,"CONCORD programme, LSHTM",OPEN,published CONCORD-3 estimates (Lancet 2018 + appendices),medium,survival context,Aggregate survival estimates published; contributing registry microdata restricted.
mutation_etiology,Cancer-etiology fraction debate,tlv2017;wu2016,Modeling inputs (stem-cell divisions; extrinsic-fraction),modeled,Original authors / journals,OPEN,Science 2017 + Nature 2016 supplementary data,medium,not relied upon (contextual),Supplementary datasets accompany both papers.
