fips,county,state,site,incidence,smoking_pct,ind_pollution,total_pollution
22039,Evangeline Parish,LA,Lung,89.0,22.1,0.159342806659077,30.0
22035,East Carroll Parish,LA,Lung,83.8,28.4,0.137714343550302,30.0
22047,Iberville Parish,LA,Lung,82.6,18.9,17.2139477581426,50.0
22117,Washington Parish,LA,Lung,80.1,21.7,1.44532852401374,30.0
22013,Bienville Parish,LA,Lung,80.0,23.8,0.425356657060926,30.0
22083,Richland Parish,LA,Lung,78.0,21.4,0.430008059282044,30.0
22063,Livingston Parish,LA,Lung,77.9,17.1,7.07707186745196,40.0
22041,Franklin Parish,LA,Lung,77.6,22.7,0.145626395759798,30.0
22021,Caldwell Parish,LA,Lung,76.6,23.0,0.621968432399717,30.0
22109,Terrebonne Parish,LA,Lung,75.8,18.8,4.03722374327858,30.0
22081,Red River Parish,LA,Lung,75.4,23.2,0.822070271394505,40.0
22127,Winn Parish,LA,Lung,75.3,20.6,0.458957785101531,30.0
22123,West Carroll Parish,LA,Lung,75.3,20.0,0.0602098507756329,30.0
22049,Jackson Parish,LA,Lung,75.3,20.6,0.598072563982706,30.0
22115,Vernon Parish,LA,Lung,74.7,18.3,0.142708897285012,30.0
22037,East Feliciana Parish,LA,Lung,73.9,18.3,1.88681095438875,30.0
22059,La Salle Parish,LA,Lung,73.6,18.6,0.2100135729951,30.0
22111,Union Parish,LA,Lung,73.1,20.8,0.877330862290333,30.0
22001,Acadia Parish,LA,Lung,73.0,21.9,0.145604805507644,30.0
22007,Assumption Parish,LA,Lung,71.9,20.5,13.5645695064427,40.0
22119,Webster Parish,LA,Lung,71.9,22.8,0.266027818936032,30.0
22023,Cameron Parish,LA,Lung,71.8,17.0,2.3642802762933,30.0
22121,West Baton Rouge Parish,LA,Lung,71.7,16.2,9.36092490648375,40.0
22113,Vermilion Parish,LA,Lung,71.2,20.2,0.192648438824137,30.0
22085,Sabine Parish,LA,Lung,70.2,21.1,0.528396679920122,30.0
22101,St. Mary Parish,LA,Lung,70.2,21.3,0.205682946613166,30.0
22067,Morehouse Parish,LA,Lung,69.8,23.0,0.522008074130818,30.0
22097,St. Landry Parish,LA,Lung,68.5,22.0,0.196173133928184,30.0
22003,Allen Parish,LA,Lung,68.2,21.7,0.8924219890317,30.0
22099,St. Martin Parish,LA,Lung,68.1,19.7,0.870094315364087,30.0
22125,West Feliciana Parish,LA,Lung,68.0,17.0,1.41218234375624,30.0
22045,Iberia Parish,LA,Lung,67.6,20.4,0.215159176193352,30.0
22031,De Soto Parish,LA,Lung,67.2,20.7,0.588238015637665,40.0
22009,Avoyelles Parish,LA,Lung,67.0,23.2,0.0606807381694395,30.0
22011,Beauregard Parish,LA,Lung,67.0,18.5,1.81225161660769,30.0
22087,St. Bernard Parish,LA,Lung,65.6,20.2,2.70100151013758,30.0
22015,Bossier Parish,LA,Lung,65.5,16.1,0.264499184251892,40.0
22075,Plaquemines Parish,LA,Lung,65.3,16.8,1.47919924282729,30.0
22027,Claiborne Parish,LA,Lung,63.3,25.7,0.493763087069545,30.0
22043,Grant Parish,LA,Lung,62.6,20.1,0.161946269134945,30.0
22105,Tangipahoa Parish,LA,Lung,62.2,18.6,1.46898556043369,30.0
22017,Caddo Parish,LA,Lung,62.1,18.2,0.469307022764117,40.0
22053,Jefferson Davis Parish,LA,Lung,60.4,19.9,0.867683349888059,30.0
22057,LaFourche Parish,LA,Lung,60.4,19.1,4.82624188568357,30.0
22019,Calcasieu Parish,LA,Lung,59.8,17.1,10.2805367714675,40.0
22005,Ascension Parish,LA,Lung,59.8,15.4,21.1019069811953,50.0
22093,St. James Parish,LA,Lung,59.8,16.5,16.2815116716036,50.0
22069,Natchitoches Parish,LA,Lung,59.2,17.7,0.532883498598552,30.0
22103,St. Tammany Parish,LA,Lung,58.2,14.5,0.75978227574592,30.0
22079,Rapides Parish,LA,Lung,56.9,18.7,0.141447205523437,30.0
22055,Lafayette Parish,LA,Lung,56.6,16.0,0.170223898354843,30.0
22073,Ouachita Parish,LA,Lung,55.9,17.9,1.12488859900423,30.0
22029,Concordia Parish,LA,Lung,55.2,22.8,0.0318091318703632,30.0
22051,Jefferson Parish,LA,Lung,54.9,14.9,6.0963691424517,30.0
22025,Catahoula Parish,LA,Lung,54.4,22.7,0.0395546666812221,30.0
22065,Madison Parish,LA,Lung,53.6,25.5,0.22261000482693,30.0
22077,Pointe Coupee Parish,LA,Lung,53.2,18.5,3.55220337528779,30.0
22091,St. Helena Parish,LA,Lung,53.1,21.8,0.426947982469704,30.0
22107,Tensas Parish,LA,Lung,52.6,22.8,0.0994231880345464,30.0
22095,St. John the Baptist Parish,LA,Lung,51.9,16.7,49.2465082898628,80.0
22071,Orleans Parish,LA,Lung,50.4,15.0,3.57019076973125,30.0
22033,East Baton Rouge Parish,LA,Lung,50.2,14.0,8.15698480678867,40.0
22061,Lincoln Parish,LA,Lung,49.6,15.9,0.605620746647551,30.0
22089,St. Charles Parish,LA,Lung,49.0,15.1,20.5329641437732,50.0
22009,Avoyelles Parish,LA,Bladder,26.8,23.2,0.0606807381694395,30.0
22089,St. Charles Parish,LA,Bladder,25.6,15.1,20.5329641437732,50.0
22059,La Salle Parish,LA,Bladder,24.3,18.6,0.2100135729951,30.0
22109,Terrebonne Parish,LA,Bladder,24.3,18.8,4.03722374327858,30.0
22047,Iberville Parish,LA,Bladder,24.1,18.9,17.2139477581426,50.0
22007,Assumption Parish,LA,Bladder,23.6,20.5,13.5645695064427,40.0
22087,St. Bernard Parish,LA,Bladder,22.8,20.2,2.70100151013758,30.0
22039,Evangeline Parish,LA,Bladder,22.4,22.1,0.159342806659077,30.0
22115,Vernon Parish,LA,Bladder,22.4,18.3,0.142708897285012,30.0
22027,Claiborne Parish,LA,Bladder,22.2,25.7,0.493763087069545,30.0
22001,Acadia Parish,LA,Bladder,22.0,21.9,0.145604805507644,30.0
22077,Pointe Coupee Parish,LA,Bladder,21.4,18.5,3.55220337528779,30.0
22125,West Feliciana Parish,LA,Bladder,21.1,17.0,1.41218234375624,30.0
22113,Vermilion Parish,LA,Bladder,21.0,20.2,0.192648438824137,30.0
22075,Plaquemines Parish,LA,Bladder,20.7,16.8,1.47919924282729,30.0
22101,St. Mary Parish,LA,Bladder,20.7,21.3,0.205682946613166,30.0
22015,Bossier Parish,LA,Bladder,20.6,16.1,0.264499184251892,40.0
22103,St. Tammany Parish,LA,Bladder,20.4,14.5,0.75978227574592,30.0
22111,Union Parish,LA,Bladder,20.3,20.8,0.877330862290333,30.0
22011,Beauregard Parish,LA,Bladder,20.1,18.5,1.81225161660769,30.0
22119,Webster Parish,LA,Bladder,20.1,22.8,0.266027818936032,30.0
22085,Sabine Parish,LA,Bladder,20.0,21.1,0.528396679920122,30.0
22041,Franklin Parish,LA,Bladder,19.6,22.7,0.145626395759798,30.0
22051,Jefferson Parish,LA,Bladder,19.6,14.9,6.0963691424517,30.0
22105,Tangipahoa Parish,LA,Bladder,19.4,18.6,1.46898556043369,30.0
22003,Allen Parish,LA,Bladder,19.4,21.7,0.8924219890317,30.0
22057,LaFourche Parish,LA,Bladder,19.1,19.1,4.82624188568357,30.0
22099,St. Martin Parish,LA,Bladder,18.9,19.7,0.870094315364087,30.0
22031,De Soto Parish,LA,Bladder,18.5,20.7,0.588238015637665,40.0
22017,Caddo Parish,LA,Bladder,17.9,18.2,0.469307022764117,40.0
22079,Rapides Parish,LA,Bladder,17.8,18.7,0.141447205523437,30.0
22045,Iberia Parish,LA,Bladder,17.8,20.4,0.215159176193352,30.0
22005,Ascension Parish,LA,Bladder,17.7,15.4,21.1019069811953,50.0
22063,Livingston Parish,LA,Bladder,17.6,17.1,7.07707186745196,40.0
22053,Jefferson Davis Parish,LA,Bladder,17.3,19.9,0.867683349888059,30.0
22127,Winn Parish,LA,Bladder,17.3,20.6,0.458957785101531,30.0
22029,Concordia Parish,LA,Bladder,17.2,22.8,0.0318091318703632,30.0
22049,Jackson Parish,LA,Bladder,17.1,20.6,0.598072563982706,30.0
22019,Calcasieu Parish,LA,Bladder,16.9,17.1,10.2805367714675,40.0
22043,Grant Parish,LA,Bladder,16.8,20.1,0.161946269134945,30.0
22093,St. James Parish,LA,Bladder,16.8,16.5,16.2815116716036,50.0
22013,Bienville Parish,LA,Bladder,16.8,23.8,0.425356657060926,30.0
22117,Washington Parish,LA,Bladder,16.7,21.7,1.44532852401374,30.0
22073,Ouachita Parish,LA,Bladder,16.6,17.9,1.12488859900423,30.0
22097,St. Landry Parish,LA,Bladder,16.6,22.0,0.196173133928184,30.0
22033,East Baton Rouge Parish,LA,Bladder,16.4,14.0,8.15698480678867,40.0
22055,Lafayette Parish,LA,Bladder,16.2,16.0,0.170223898354843,30.0
22037,East Feliciana Parish,LA,Bladder,16.1,18.3,1.88681095438875,30.0
22069,Natchitoches Parish,LA,Bladder,16.0,17.7,0.532883498598552,30.0
22095,St. John the Baptist Parish,LA,Bladder,14.5,16.7,49.2465082898628,80.0
22121,West Baton Rouge Parish,LA,Bladder,13.8,16.2,9.36092490648375,40.0
22083,Richland Parish,LA,Bladder,13.0,21.4,0.430008059282044,30.0
22071,Orleans Parish,LA,Bladder,12.8,15.0,3.57019076973125,30.0
22061,Lincoln Parish,LA,Bladder,11.0,15.9,0.605620746647551,30.0
22067,Morehouse Parish,LA,Bladder,10.0,23.0,0.522008074130818,30.0
22023,Cameron Parish,LA,Kidney,54.9,17.0,2.3642802762933,30.0
22039,Evangeline Parish,LA,Kidney,36.0,22.1,0.159342806659077,30.0
22007,Assumption Parish,LA,Kidney,35.7,20.5,13.5645695064427,40.0
22123,West Carroll Parish,LA,Kidney,35.2,20.0,0.0602098507756329,30.0
22065,Madison Parish,LA,Kidney,34.9,25.5,0.22261000482693,30.0
22111,Union Parish,LA,Kidney,34.6,20.8,0.877330862290333,30.0
22047,Iberville Parish,LA,Kidney,33.8,18.9,17.2139477581426,50.0
22003,Allen Parish,LA,Kidney,32.3,21.7,0.8924219890317,30.0
22001,Acadia Parish,LA,Kidney,32.0,21.9,0.145604805507644,30.0
22113,Vermilion Parish,LA,Kidney,31.4,20.2,0.192648438824137,30.0
22053,Jefferson Davis Parish,LA,Kidney,29.5,19.9,0.867683349888059,30.0
22087,St. Bernard Parish,LA,Kidney,28.8,20.2,2.70100151013758,30.0
22055,Lafayette Parish,LA,Kidney,28.7,16.0,0.170223898354843,30.0
22089,St. Charles Parish,LA,Kidney,28.2,15.1,20.5329641437732,50.0
22057,LaFourche Parish,LA,Kidney,27.6,19.1,4.82624188568357,30.0
22121,West Baton Rouge Parish,LA,Kidney,27.4,16.2,9.36092490648375,40.0
22109,Terrebonne Parish,LA,Kidney,27.0,18.8,4.03722374327858,30.0
22009,Avoyelles Parish,LA,Kidney,26.8,23.2,0.0606807381694395,30.0
22059,La Salle Parish,LA,Kidney,26.8,18.6,0.2100135729951,30.0
22105,Tangipahoa Parish,LA,Kidney,26.5,18.6,1.46898556043369,30.0
22063,Livingston Parish,LA,Kidney,26.4,17.1,7.07707186745196,40.0
22091,St. Helena Parish,LA,Kidney,26.1,21.8,0.426947982469704,30.0
22097,St. Landry Parish,LA,Kidney,25.8,22.0,0.196173133928184,30.0
22041,Franklin Parish,LA,Kidney,25.6,22.7,0.145626395759798,30.0
22117,Washington Parish,LA,Kidney,25.2,21.7,1.44532852401374,30.0
22049,Jackson Parish,LA,Kidney,24.9,20.6,0.598072563982706,30.0
22045,Iberia Parish,LA,Kidney,24.5,20.4,0.215159176193352,30.0
22069,Natchitoches Parish,LA,Kidney,24.2,17.7,0.532883498598552,30.0
22031,De Soto Parish,LA,Kidney,24.1,20.7,0.588238015637665,40.0
22005,Ascension Parish,LA,Kidney,24.0,15.4,21.1019069811953,50.0
22073,Ouachita Parish,LA,Kidney,24.0,17.9,1.12488859900423,30.0
22085,Sabine Parish,LA,Kidney,23.9,21.1,0.528396679920122,30.0
22099,St. Martin Parish,LA,Kidney,23.8,19.7,0.870094315364087,30.0
22015,Bossier Parish,LA,Kidney,23.4,16.1,0.264499184251892,40.0
22101,St. Mary Parish,LA,Kidney,23.3,21.3,0.205682946613166,30.0
22051,Jefferson Parish,LA,Kidney,23.1,14.9,6.0963691424517,30.0
22095,St. John the Baptist Parish,LA,Kidney,23.0,16.7,49.2465082898628,80.0
22019,Calcasieu Parish,LA,Kidney,23.0,17.1,10.2805367714675,40.0
22027,Claiborne Parish,LA,Kidney,22.9,25.7,0.493763087069545,30.0
22011,Beauregard Parish,LA,Kidney,22.9,18.5,1.81225161660769,30.0
22093,St. James Parish,LA,Kidney,22.6,16.5,16.2815116716036,50.0
22075,Plaquemines Parish,LA,Kidney,22.6,16.8,1.47919924282729,30.0
22033,East Baton Rouge Parish,LA,Kidney,22.5,14.0,8.15698480678867,40.0
22103,St. Tammany Parish,LA,Kidney,22.5,14.5,0.75978227574592,30.0
22013,Bienville Parish,LA,Kidney,22.4,23.8,0.425356657060926,30.0
22083,Richland Parish,LA,Kidney,22.3,21.4,0.430008059282044,30.0
22077,Pointe Coupee Parish,LA,Kidney,22.2,18.5,3.55220337528779,30.0
22127,Winn Parish,LA,Kidney,22.0,20.6,0.458957785101531,30.0
22017,Caddo Parish,LA,Kidney,21.0,18.2,0.469307022764117,40.0
22067,Morehouse Parish,LA,Kidney,19.8,23.0,0.522008074130818,30.0
22037,East Feliciana Parish,LA,Kidney,19.8,18.3,1.88681095438875,30.0
22079,Rapides Parish,LA,Kidney,19.8,18.7,0.141447205523437,30.0
22119,Webster Parish,LA,Kidney,19.6,22.8,0.266027818936032,30.0
22125,West Feliciana Parish,LA,Kidney,19.4,17.0,1.41218234375624,30.0
22071,Orleans Parish,LA,Kidney,18.3,15.0,3.57019076973125,30.0
22115,Vernon Parish,LA,Kidney,18.2,18.3,0.142708897285012,30.0
22043,Grant Parish,LA,Kidney,17.4,20.1,0.161946269134945,30.0
22029,Concordia Parish,LA,Kidney,17.3,22.8,0.0318091318703632,30.0
22061,Lincoln Parish,LA,Kidney,16.0,15.9,0.605620746647551,30.0
22115,Vernon Parish,LA,NHL,36.6,18.3,0.142708897285012,30.0
22013,Bienville Parish,LA,NHL,34.1,23.8,0.425356657060926,30.0
22067,Morehouse Parish,LA,NHL,31.7,23.0,0.522008074130818,30.0
22011,Beauregard Parish,LA,NHL,28.8,18.5,1.81225161660769,30.0
22093,St. James Parish,LA,NHL,27.7,16.5,16.2815116716036,50.0
22009,Avoyelles Parish,LA,NHL,27.2,23.2,0.0606807381694395,30.0
22003,Allen Parish,LA,NHL,27.1,21.7,0.8924219890317,30.0
22121,West Baton Rouge Parish,LA,NHL,27.1,16.2,9.36092490648375,40.0
22061,Lincoln Parish,LA,NHL,26.9,15.9,0.605620746647551,30.0
22085,Sabine Parish,LA,NHL,26.3,21.1,0.528396679920122,30.0
22113,Vermilion Parish,LA,NHL,26.1,20.2,0.192648438824137,30.0
22099,St. Martin Parish,LA,NHL,25.0,19.7,0.870094315364087,30.0
22053,Jefferson Davis Parish,LA,NHL,25.0,19.9,0.867683349888059,30.0
22001,Acadia Parish,LA,NHL,24.8,21.9,0.145604805507644,30.0
22017,Caddo Parish,LA,NHL,24.6,18.2,0.469307022764117,40.0
22055,Lafayette Parish,LA,NHL,24.6,16.0,0.170223898354843,30.0
22015,Bossier Parish,LA,NHL,24.1,16.1,0.264499184251892,40.0
22069,Natchitoches Parish,LA,NHL,24.0,17.7,0.532883498598552,30.0
22087,St. Bernard Parish,LA,NHL,23.8,20.2,2.70100151013758,30.0
22075,Plaquemines Parish,LA,NHL,23.7,16.8,1.47919924282729,30.0
22057,LaFourche Parish,LA,NHL,23.6,19.1,4.82624188568357,30.0
22095,St. John the Baptist Parish,LA,NHL,23.5,16.7,49.2465082898628,80.0
22073,Ouachita Parish,LA,NHL,22.9,17.9,1.12488859900423,30.0
22031,De Soto Parish,LA,NHL,22.5,20.7,0.588238015637665,40.0
22097,St. Landry Parish,LA,NHL,22.4,22.0,0.196173133928184,30.0
22105,Tangipahoa Parish,LA,NHL,22.4,18.6,1.46898556043369,30.0
22109,Terrebonne Parish,LA,NHL,22.3,18.8,4.03722374327858,30.0
22101,St. Mary Parish,LA,NHL,22.2,21.3,0.205682946613166,30.0
22119,Webster Parish,LA,NHL,22.2,22.8,0.266027818936032,30.0
22039,Evangeline Parish,LA,NHL,22.1,22.1,0.159342806659077,30.0
22041,Franklin Parish,LA,NHL,22.0,22.7,0.145626395759798,30.0
22033,East Baton Rouge Parish,LA,NHL,21.9,14.0,8.15698480678867,40.0
22045,Iberia Parish,LA,NHL,20.5,20.4,0.215159176193352,30.0
22051,Jefferson Parish,LA,NHL,20.4,14.9,6.0963691424517,30.0
22089,St. Charles Parish,LA,NHL,20.0,15.1,20.5329641437732,50.0
22063,Livingston Parish,LA,NHL,19.9,17.1,7.07707186745196,40.0
22079,Rapides Parish,LA,NHL,19.7,18.7,0.141447205523437,30.0
22071,Orleans Parish,LA,NHL,19.7,15.0,3.57019076973125,30.0
22037,East Feliciana Parish,LA,NHL,19.0,18.3,1.88681095438875,30.0
22019,Calcasieu Parish,LA,NHL,18.6,17.1,10.2805367714675,40.0
22103,St. Tammany Parish,LA,NHL,17.9,14.5,0.75978227574592,30.0
22047,Iberville Parish,LA,NHL,17.1,18.9,17.2139477581426,50.0
22117,Washington Parish,LA,NHL,15.9,21.7,1.44532852401374,30.0
22005,Ascension Parish,LA,NHL,15.9,15.4,21.1019069811953,50.0
22027,Claiborne Parish,LA,Leukaemia,28.2,25.7,0.493763087069545,30.0
22013,Bienville Parish,LA,Leukaemia,25.0,23.8,0.425356657060926,30.0
22069,Natchitoches Parish,LA,Leukaemia,20.8,17.7,0.532883498598552,30.0
22001,Acadia Parish,LA,Leukaemia,19.4,21.9,0.145604805507644,30.0
22011,Beauregard Parish,LA,Leukaemia,19.2,18.5,1.81225161660769,30.0
22003,Allen Parish,LA,Leukaemia,18.7,21.7,0.8924219890317,30.0
22113,Vermilion Parish,LA,Leukaemia,18.4,20.2,0.192648438824137,30.0
22061,Lincoln Parish,LA,Leukaemia,18.3,15.9,0.605620746647551,30.0
22117,Washington Parish,LA,Leukaemia,18.3,21.7,1.44532852401374,30.0
22045,Iberia Parish,LA,Leukaemia,18.2,20.4,0.215159176193352,30.0
22121,West Baton Rouge Parish,LA,Leukaemia,17.9,16.2,9.36092490648375,40.0
22031,De Soto Parish,LA,Leukaemia,17.8,20.7,0.588238015637665,40.0
22007,Assumption Parish,LA,Leukaemia,17.7,20.5,13.5645695064427,40.0
22093,St. James Parish,LA,Leukaemia,17.6,16.5,16.2815116716036,50.0
22047,Iberville Parish,LA,Leukaemia,16.8,18.9,17.2139477581426,50.0
22015,Bossier Parish,LA,Leukaemia,16.7,16.1,0.264499184251892,40.0
22019,Calcasieu Parish,LA,Leukaemia,16.6,17.1,10.2805367714675,40.0
22039,Evangeline Parish,LA,Leukaemia,16.4,22.1,0.159342806659077,30.0
22119,Webster Parish,LA,Leukaemia,16.3,22.8,0.266027818936032,30.0
22017,Caddo Parish,LA,Leukaemia,16.3,18.2,0.469307022764117,40.0
22063,Livingston Parish,LA,Leukaemia,16.1,17.1,7.07707186745196,40.0
22077,Pointe Coupee Parish,LA,Leukaemia,16.0,18.5,3.55220337528779,30.0
22009,Avoyelles Parish,LA,Leukaemia,16.0,23.2,0.0606807381694395,30.0
22057,LaFourche Parish,LA,Leukaemia,15.9,19.1,4.82624188568357,30.0
22043,Grant Parish,LA,Leukaemia,15.6,20.1,0.161946269134945,30.0
22067,Morehouse Parish,LA,Leukaemia,15.6,23.0,0.522008074130818,30.0
22055,Lafayette Parish,LA,Leukaemia,15.5,16.0,0.170223898354843,30.0
22109,Terrebonne Parish,LA,Leukaemia,15.5,18.8,4.03722374327858,30.0
22097,St. Landry Parish,LA,Leukaemia,15.4,22.0,0.196173133928184,30.0
22079,Rapides Parish,LA,Leukaemia,15.2,18.7,0.141447205523437,30.0
22115,Vernon Parish,LA,Leukaemia,15.1,18.3,0.142708897285012,30.0
22101,St. Mary Parish,LA,Leukaemia,15.1,21.3,0.205682946613166,30.0
22005,Ascension Parish,LA,Leukaemia,14.4,15.4,21.1019069811953,50.0
22099,St. Martin Parish,LA,Leukaemia,14.2,19.7,0.870094315364087,30.0
22111,Union Parish,LA,Leukaemia,13.9,20.8,0.877330862290333,30.0
22089,St. Charles Parish,LA,Leukaemia,13.8,15.1,20.5329641437732,50.0
22073,Ouachita Parish,LA,Leukaemia,13.8,17.9,1.12488859900423,30.0
22041,Franklin Parish,LA,Leukaemia,13.5,22.7,0.145626395759798,30.0
22053,Jefferson Davis Parish,LA,Leukaemia,13.3,19.9,0.867683349888059,30.0
22051,Jefferson Parish,LA,Leukaemia,12.9,14.9,6.0963691424517,30.0
22103,St. Tammany Parish,LA,Leukaemia,12.9,14.5,0.75978227574592,30.0
22085,Sabine Parish,LA,Leukaemia,12.6,21.1,0.528396679920122,30.0
22105,Tangipahoa Parish,LA,Leukaemia,12.5,18.6,1.46898556043369,30.0
22033,East Baton Rouge Parish,LA,Leukaemia,12.5,14.0,8.15698480678867,40.0
22095,St. John the Baptist Parish,LA,Leukaemia,11.5,16.7,49.2465082898628,80.0
22087,St. Bernard Parish,LA,Leukaemia,11.0,20.2,2.70100151013758,30.0
22071,Orleans Parish,LA,Leukaemia,9.9,15.0,3.57019076973125,30.0
22125,West Feliciana Parish,LA,Liver,25.7,17.0,1.41218234375624,30.0
22047,Iberville Parish,LA,Liver,20.3,18.9,17.2139477581426,50.0
22087,St. Bernard Parish,LA,Liver,18.5,20.2,2.70100151013758,30.0
22077,Pointe Coupee Parish,LA,Liver,16.9,18.5,3.55220337528779,30.0
22089,St. Charles Parish,LA,Liver,14.4,15.1,20.5329641437732,50.0
22037,East Feliciana Parish,LA,Liver,14.3,18.3,1.88681095438875,30.0
22117,Washington Parish,LA,Liver,14.1,21.7,1.44532852401374,30.0
22003,Allen Parish,LA,Liver,13.4,21.7,0.8924219890317,30.0
22099,St. Martin Parish,LA,Liver,12.4,19.7,0.870094315364087,30.0
22095,St. John the Baptist Parish,LA,Liver,12.2,16.7,49.2465082898628,80.0
22005,Ascension Parish,LA,Liver,12.1,15.4,21.1019069811953,50.0
22071,Orleans Parish,LA,Liver,11.7,15.0,3.57019076973125,30.0
22115,Vernon Parish,LA,Liver,11.7,18.3,0.142708897285012,30.0
22031,De Soto Parish,LA,Liver,11.7,20.7,0.588238015637665,40.0
22015,Bossier Parish,LA,Liver,11.5,16.1,0.264499184251892,40.0
22109,Terrebonne Parish,LA,Liver,11.4,18.8,4.03722374327858,30.0
22121,West Baton Rouge Parish,LA,Liver,11.4,16.2,9.36092490648375,40.0
22113,Vermilion Parish,LA,Liver,11.4,20.2,0.192648438824137,30.0
22101,St. Mary Parish,LA,Liver,11.4,21.3,0.205682946613166,30.0
22033,East Baton Rouge Parish,LA,Liver,11.4,14.0,8.15698480678867,40.0
22051,Jefferson Parish,LA,Liver,11.3,14.9,6.0963691424517,30.0
22001,Acadia Parish,LA,Liver,11.1,21.9,0.145604805507644,30.0
22119,Webster Parish,LA,Liver,10.9,22.8,0.266027818936032,30.0
22105,Tangipahoa Parish,LA,Liver,10.9,18.6,1.46898556043369,30.0
22017,Caddo Parish,LA,Liver,10.9,18.2,0.469307022764117,40.0
22085,Sabine Parish,LA,Liver,10.7,21.1,0.528396679920122,30.0
22097,St. Landry Parish,LA,Liver,10.6,22.0,0.196173133928184,30.0
22063,Livingston Parish,LA,Liver,10.5,17.1,7.07707186745196,40.0
22055,Lafayette Parish,LA,Liver,10.5,16.0,0.170223898354843,30.0
22045,Iberia Parish,LA,Liver,10.5,20.4,0.215159176193352,30.0
22069,Natchitoches Parish,LA,Liver,10.2,17.7,0.532883498598552,30.0
22053,Jefferson Davis Parish,LA,Liver,10.0,19.9,0.867683349888059,30.0
22011,Beauregard Parish,LA,Liver,9.9,18.5,1.81225161660769,30.0
22039,Evangeline Parish,LA,Liver,9.9,22.1,0.159342806659077,30.0
22019,Calcasieu Parish,LA,Liver,9.7,17.1,10.2805367714675,40.0
22103,St. Tammany Parish,LA,Liver,9.4,14.5,0.75978227574592,30.0
22057,LaFourche Parish,LA,Liver,9.1,19.1,4.82624188568357,30.0
22079,Rapides Parish,LA,Liver,9.1,18.7,0.141447205523437,30.0
22067,Morehouse Parish,LA,Liver,8.6,23.0,0.522008074130818,30.0
22073,Ouachita Parish,LA,Liver,7.9,17.9,1.12488859900423,30.0
22061,Lincoln Parish,LA,Liver,6.6,15.9,0.605620746647551,30.0
22009,Avoyelles Parish,LA,Liver,5.7,23.2,0.0606807381694395,30.0
22103,St. Tammany Parish,LA,Melanoma(negctrl),33.8,14.5,0.75978227574592,30.0
22063,Livingston Parish,LA,Melanoma(negctrl),26.7,17.1,7.07707186745196,40.0
22123,West Carroll Parish,LA,Melanoma(negctrl),26.1,20.0,0.0602098507756329,30.0
22073,Ouachita Parish,LA,Melanoma(negctrl),25.9,17.9,1.12488859900423,30.0
22111,Union Parish,LA,Melanoma(negctrl),24.8,20.8,0.877330862290333,30.0
22077,Pointe Coupee Parish,LA,Melanoma(negctrl),24.6,18.5,3.55220337528779,30.0
22015,Bossier Parish,LA,Melanoma(negctrl),23.1,16.1,0.264499184251892,40.0
22005,Ascension Parish,LA,Melanoma(negctrl),22.9,15.4,21.1019069811953,50.0
22117,Washington Parish,LA,Melanoma(negctrl),22.7,21.7,1.44532852401374,30.0
22053,Jefferson Davis Parish,LA,Melanoma(negctrl),22.5,19.9,0.867683349888059,30.0
22125,West Feliciana Parish,LA,Melanoma(negctrl),21.7,17.0,1.41218234375624,30.0
22083,Richland Parish,LA,Melanoma(negctrl),20.7,21.4,0.430008059282044,30.0
22003,Allen Parish,LA,Melanoma(negctrl),20.6,21.7,0.8924219890317,30.0
22115,Vernon Parish,LA,Melanoma(negctrl),20.5,18.3,0.142708897285012,30.0
22011,Beauregard Parish,LA,Melanoma(negctrl),20.4,18.5,1.81225161660769,30.0
22085,Sabine Parish,LA,Melanoma(negctrl),20.4,21.1,0.528396679920122,30.0
22113,Vermilion Parish,LA,Melanoma(negctrl),20.4,20.2,0.192648438824137,30.0
22047,Iberville Parish,LA,Melanoma(negctrl),20.4,18.9,17.2139477581426,50.0
22041,Franklin Parish,LA,Melanoma(negctrl),19.6,22.7,0.145626395759798,30.0
22033,East Baton Rouge Parish,LA,Melanoma(negctrl),19.5,14.0,8.15698480678867,40.0
22039,Evangeline Parish,LA,Melanoma(negctrl),19.2,22.1,0.159342806659077,30.0
22019,Calcasieu Parish,LA,Melanoma(negctrl),18.8,17.1,10.2805367714675,40.0
22105,Tangipahoa Parish,LA,Melanoma(negctrl),18.6,18.6,1.46898556043369,30.0
22067,Morehouse Parish,LA,Melanoma(negctrl),18.1,23.0,0.522008074130818,30.0
22043,Grant Parish,LA,Melanoma(negctrl),18.0,20.1,0.161946269134945,30.0
22061,Lincoln Parish,LA,Melanoma(negctrl),18.0,15.9,0.605620746647551,30.0
22049,Jackson Parish,LA,Melanoma(negctrl),17.4,20.6,0.598072563982706,30.0
22069,Natchitoches Parish,LA,Melanoma(negctrl),17.3,17.7,0.532883498598552,30.0
22109,Terrebonne Parish,LA,Melanoma(negctrl),17.3,18.8,4.03722374327858,30.0
22057,LaFourche Parish,LA,Melanoma(negctrl),17.0,19.1,4.82624188568357,30.0
22079,Rapides Parish,LA,Melanoma(negctrl),16.6,18.7,0.141447205523437,30.0
22089,St. Charles Parish,LA,Melanoma(negctrl),16.5,15.1,20.5329641437732,50.0
22037,East Feliciana Parish,LA,Melanoma(negctrl),16.2,18.3,1.88681095438875,30.0
22045,Iberia Parish,LA,Melanoma(negctrl),16.1,20.4,0.215159176193352,30.0
22007,Assumption Parish,LA,Melanoma(negctrl),16.1,20.5,13.5645695064427,40.0
22009,Avoyelles Parish,LA,Melanoma(negctrl),15.9,23.2,0.0606807381694395,30.0
22031,De Soto Parish,LA,Melanoma(negctrl),15.7,20.7,0.588238015637665,40.0
22051,Jefferson Parish,LA,Melanoma(negctrl),15.4,14.9,6.0963691424517,30.0
22055,Lafayette Parish,LA,Melanoma(negctrl),15.3,16.0,0.170223898354843,30.0
22075,Plaquemines Parish,LA,Melanoma(negctrl),15.2,16.8,1.47919924282729,30.0
22121,West Baton Rouge Parish,LA,Melanoma(negctrl),15.1,16.2,9.36092490648375,40.0
22001,Acadia Parish,LA,Melanoma(negctrl),15.0,21.9,0.145604805507644,30.0
22071,Orleans Parish,LA,Melanoma(negctrl),15.0,15.0,3.57019076973125,30.0
22097,St. Landry Parish,LA,Melanoma(negctrl),14.7,22.0,0.196173133928184,30.0
22119,Webster Parish,LA,Melanoma(negctrl),14.5,22.8,0.266027818936032,30.0
22017,Caddo Parish,LA,Melanoma(negctrl),14.1,18.2,0.469307022764117,40.0
22099,St. Martin Parish,LA,Melanoma(negctrl),13.1,19.7,0.870094315364087,30.0
22087,St. Bernard Parish,LA,Melanoma(negctrl),11.6,20.2,2.70100151013758,30.0
22101,St. Mary Parish,LA,Melanoma(negctrl),11.2,21.3,0.205682946613166,30.0
22095,St. John the Baptist Parish,LA,Melanoma(negctrl),10.0,16.7,49.2465082898628,80.0
